QYEAR,NEWID,SEQNO,ALCNO,REC_ORIG,APPRPRYB,APPR_RYB,SRVCMOB,SRVCMOB_,REPAIRX,REPAIRX_,APPRPB1,APPRPB1_,APPRPB2,APPRPB2_,APPRPB3,APPRPB3_,APPRPB4,APPRPB4_,APPRPB5,APPRPB5_,APPRPB6,APPRPB6_,APPRPB7,APPRPB7_,APPRPB8,APPRPB8_,APPRPB9,EQBPURCH,APPRPB9_
20241,05286294,4,0,1,190,D,13,D,39,D,,A,,A,,A,,A,,A,,A,,A,,A,,,A
20241,05286444,10,0,1,190,D,10,D,125,D,,A,,A,,A,,A,,A,,A,,A,,A,,,A
20241,05286514,6,0,1,190,D,12,D,200,D,,A,,A,,A,,A,,A,,A,,A,,A,,,A
20241,05286514,7,0,2,190,D,10,D,200,D,,A,,A,,A,,A,,A,,A,,A,,A,,,A
20241,05286694,9,0,1,200,D,10,D,375,D,,A,,A,,A,,A,,A,,A,,A,,A,,,A
20241,05286704,5,0,2,200,D,10,D,321,D,,A,,A,,A,,A,,A,,A,,A,,A,,,A
20241,05287094,7,0,1,120,D,11,D,500,D,,A,,A,,A,,A,,A,,A,,A,,A,,,A
20241,05287314,6,0,1,200,D,10,D,450,D,,A,,A,,A,,A,,A,,A,,A,,A,,,A
20241,05287354,4,0,1,190,D,13,D,120,D,,A,,A,,A,,A,,A,,A,,A,,A,,,A
20241,05287614,3,0,2,200,D,10,D,159,F,,A,,A,,A,,A,,A,,A,,A,,A,,,A
20241,05287804,3,0,1,190,D,11,D,68,D,,A,,A,,A,,A,,A,,A,,A,,A,,,A
20241,05287834,3,0,1,190,D,12,D,86,D,,A,,A,,A,,A,,A,,A,,A,,A,,,A
20241,05288544,4,0,1,190,D,13,D,120,D,,A,,A,,A,,A,,A,,A,,A,,A,,,A
20241,05289064,7,0,1,190,D,12,D,75,D,,A,,A,,A,,A,,A,,A,,A,,A,,,A
20241,05289864,4,0,1,150,D,12,D,375,D,,A,,A,,A,,A,,A,,A,,A,,A,,,A
20241,05290044,4,0,1,190,D,13,D,20,D,,A,,A,,A,,A,,A,,A,,A,,A,,,A
20241,05290254,10,0,1,190,D,13,D,93,D,,A,,A,,A,,A,,A,,A,,A,,A,,,A
20241,05290264,4,0,1,190,D,13,D,57,D,,A,,A,,A,,A,,A,,A,,A,,A,,,A
20241,05290414,10,0,1,190,D,12,D,100,D,,A,,A,,A,,A,,A,,A,,A,,A,,,A
20241,05290414,11,0,1,130,D,13,D,100,D,,A,,A,,A,,A,,A,,A,,A,,A,,,A
20241,05290414,12,0,1,220,D,13,D,120,D,,A,,A,,A,,A,,A,,A,,A,,A,,,A
20241,05290534,13,0,1,110,D,11,D,35,D,,A,,A,,A,,A,,A,,A,,A,,A,,,A
20241,05290534,14,0,1,160,D,12,D,300,D,,A,,A,,A,,A,,A,,A,,A,,A,,,A
20241,05290914,8,0,2,130,D,10,D,200,D,,A,,A,,A,,A,,A,,A,,A,,A,,,A
20241,05290924,5,0,1,200,D,10,D,180,D,,A,,A,,A,,A,,A,,A,,A,,A,,,A
20241,05291184,8,0,1,190,D,10,D,85,D,,A,,A,,A,,A,,A,,A,,A,,A,,,A
20241,05292114,9,0,1,190,D,13,D,75,D,,A,,A,,A,,A,,A,,A,,A,,A,,,A
20241,05292114,10,0,1,190,D,12,D,135,D,,A,,A,,A,,A,,A,,A,,A,,A,,,A
20241,05292474,3,0,1,190,D,10,D,99,D,,A,,A,,A,,A,,A,,A,,A,,A,,,A
20241,05292514,7,0,1,190,D,12,D,85,D,,A,,A,,A,,A,,A,,A,,A,,A,,,A
20241,05292824,3,0,1,200,D,10,D,128,D,,A,,A,,A,,A,,A,,A,,A,,A,,,A
20241,05292934,5,0,1,200,D,12,D,59,D,,A,,A,,A,,A,,A,,A,,A,,A,,,A
20241,05292954,9,0,1,190,D,10,D,300,D,,A,,A,,A,,A,,A,,A,,A,,A,,,A
20241,05292954,10,0,1,200,D,10,D,120,D,,A,,A,,A,,A,,A,,A,,A,,A,,,A
20241,05293554,8,0,1,200,D,13,D,20,D,,A,,A,,A,,A,,A,,A,,A,,A,,,A
20241,05293674,5,0,1,190,D,10,D,60,D,,A,,A,,A,,A,,A,,A,,A,,A,,,A
20241,05293674,6,0,1,190,D,12,D,60,D,,A,,A,,A,,A,,A,,A,,A,,A,,,A
20241,05293694,8,0,1,220,D,13,D,10,D,,A,,A,,A,,A,,A,,A,,A,,A,,,A
20241,05293774,3,0,1,200,D,13,D,150,D,,A,,A,,A,,A,,A,,A,,A,,A,,,A
20241,05293784,6,0,1,190,D,13,D,50,D,,A,,A,,A,,A,,A,,A,,A,,A,,,A
20241,05293854,6,0,1,200,D,10,D,290,D,,A,,A,,A,,A,,A,,A,,A,,A,,,A
20241,05293874,9,0,1,190,D,10,D,90,D,,A,,A,,A,,A,,A,,A,,A,,A,,,A
20241,05293874,10,0,1,190,D,11,D,90,D,,A,,A,,A,,A,,A,,A,,A,,A,,,A
20241,05293874,11,0,1,190,D,12,D,93,D,,A,,A,,A,,A,,A,,A,,A,,A,,,A
20241,05293954,8,0,1,190,D,12,D,120,D,,A,,A,,A,,A,,A,,A,,A,,A,,,A
20241,05293984,11,0,1,220,D,10,D,25,D,,A,,A,,A,,A,,A,,A,,A,,A,,,A
20241,05294214,5,0,1,200,D,13,D,14,D,,A,,A,,A,,A,,A,,A,,A,,A,,,A
20241,05294314,5,0,1,200,D,12,D,175,D,,A,,A,,A,,A,,A,,A,,A,,A,,,A
20241,05294704,4,0,1,190,D,10,D,160,D,,A,,A,,A,,A,,A,,A,,A,,A,,,A
20241,05294704,5,0,1,200,D,11,D,213,D,,A,,A,,A,,A,,A,,A,,A,,A,,,A
20241,05294864,10,0,1,200,D,13,D,35,D,,A,,A,,A,,A,,A,,A,,A,,A,,,A
20241,05295104,10,0,1,190,D,13,D,61,D,,A,,A,,A,,A,,A,,A,,A,,A,,,A
20241,05295384,3,0,1,190,D,13,D,120,D,,A,,A,,A,,A,,A,,A,,A,,A,,,A
20241,05295414,15,0,2,190,D,10,D,40,D,,A,,A,,A,,A,,A,,A,,A,,A,,,A
20241,05295564,18,0,1,190,D,13,D,69,D,,A,,A,,A,,A,,A,,A,,A,,A,,,A
20241,05295624,4,0,1,190,D,13,D,30,D,,A,,A,,A,,A,,A,,A,,A,,A,,,A
20241,05295624,5,0,1,200,D,13,D,16,D,,A,,A,,A,,A,,A,,A,,A,,A,,,A
20241,05295644,2,0,1,190,D,11,D,250,D,,A,,A,,A,,A,,A,,A,,A,,A,,,A
20241,05295734,7,0,1,190,D,11,D,45,D,,A,,A,,A,,A,,A,,A,,A,,A,,,A
20241,05296334,20,0,1,190,D,12,D,95,D,,A,,A,,A,,A,,A,,A,,A,,A,,,A
20241,05296524,3,0,2,190,D,10,D,69,D,,A,,A,,A,,A,,A,,A,,A,,A,,,A
20241,05296584,5,0,1,190,D,11,D,75,D,,A,,A,,A,,A,,A,,A,,A,,A,,,A
20241,05296764,2,0,1,200,D,10,D,150,D,,A,,A,,A,,A,,A,,A,,A,,A,,,A
20241,05296814,11,0,1,150,D,10,D,460,D,,A,,A,,A,,A,,A,,A,,A,,A,,,A
20241,05296814,12,0,1,190,D,13,D,35,D,,A,,A,,A,,A,,A,,A,,A,,A,,,A
20241,05296944,17,0,1,220,D,11,D,15,D,,A,,A,,A,,A,,A,,A,,A,,A,,,A
20241,05296984,3,0,1,190,D,13,D,50,D,,A,,A,,A,,A,,A,,A,,A,,A,,,A
20241,05297164,5,0,1,200,D,10,D,160,D,,A,,A,,A,,A,,A,,A,,A,,A,,,A
20241,05297394,7,0,1,200,D,13,D,29,D,,A,,A,,A,,A,,A,,A,,A,,A,,,A
20241,05343734,2,0,1,190,D,13,D,50,D,,A,,A,,A,,A,,A,,A,,A,,A,,,A
20241,05343864,5,0,1,190,D,11,D,40,D,,A,,A,,A,,A,,A,,A,,A,,A,,,A
20241,05343924,5,0,1,150,D,01,D,10,D,,A,,A,,A,,A,,A,,A,,A,,A,,,A
20241,05343964,7,0,1,170,D,11,D,50,D,,A,,A,,A,,A,,A,,A,,A,,A,,,A
20241,05343964,8,0,1,170,D,12,D,350,D,,A,,A,,A,,A,,A,,A,,A,,A,,,A
20241,05344034,4,0,1,190,D,13,D,25,D,,A,,A,,A,,A,,A,,A,,A,,A,,,A
20241,05344034,5,0,2,110,D,11,D,250,D,,A,,A,,A,,A,,A,,A,,A,,A,,2,A
20241,05344564,5,0,1,200,D,12,D,440,D,,A,,A,,A,,A,,A,,A,,A,,A,,,A
20241,05344884,2,0,2,190,D,11,D,100,D,,A,,A,,A,,A,,A,,A,,A,,A,,,A
20241,05344904,10,0,1,190,D,13,D,50,D,,A,,A,,A,,A,,A,,A,,A,,A,,,A
20241,05345484,9,0,1,190,D,13,D,71,D,,A,,A,,A,,A,,A,,A,,A,,A,,,A
20241,05345484,10,0,2,190,D,11,D,213,D,,A,,A,,A,,A,,A,,A,,A,,A,,,A
20241,05345534,2,0,1,190,D,13,D,15,D,,A,,A,,A,,A,,A,,A,,A,,A,,,A
20241,05345534,3,0,1,200,D,13,D,53,D,,A,,A,,A,,A,,A,,A,,A,,A,,,A
20241,05345584,6,0,1,110,D,12,D,798,D,,A,,A,,A,,A,,A,,A,,A,,A,,,A
20241,05345584,7,0,2,200,D,11,D,125,D,,A,,A,,A,,A,,A,,A,,A,,A,,,A
20241,05345684,8,0,1,190,D,13,D,100,D,,A,,A,,A,,A,,A,,A,,A,,A,,,A
20241,05345764,7,0,1,210,D,13,D,,H,200,D,100,D,110,D,,A,,A,,A,,A,,A,,,A
20241,05345764,7,1,1,200,D,13,D,19,E,,A,,A,,A,,A,,A,,A,,A,,A,,,A
20241,05345764,7,2,1,100,D,13,D,33,E,,A,,A,,A,,A,,A,,A,,A,,A,,,A
20241,05345764,7,3,1,110,D,13,D,17,E,,A,,A,,A,,A,,A,,A,,A,,A,,,A
20241,05346074,8,0,1,190,D,13,D,300,D,,A,,A,,A,,A,,A,,A,,A,,A,,,A
20241,05346364,3,0,1,190,D,13,D,25,D,,A,,A,,A,,A,,A,,A,,A,,A,,,A
20241,05346414,2,0,1,190,D,13,D,100,D,,A,,A,,A,,A,,A,,A,,A,,A,,,A
20241,05346454,4,0,1,190,D,11,D,111,D,,A,,A,,A,,A,,A,,A,,A,,A,,,A
20241,05346714,4,0,1,190,D,13,D,30,D,,A,,A,,A,,A,,A,,A,,A,,A,,,A
20241,05346864,3,0,1,130,D,11,D,66,D,,A,,A,,A,,A,,A,,A,,A,,A,,,A
20241,05346884,5,0,1,190,D,01,D,93,D,,A,,A,,A,,A,,A,,A,,A,,A,,,A
20241,05346944,3,0,1,190,D,13,D,49,D,,A,,A,,A,,A,,A,,A,,A,,A,,,A
20241,05347434,6,0,1,170,D,01,D,200,D,,A,,A,,A,,A,,A,,A,,A,,A,,,A
20241,05347464,7,0,1,210,D,13,D,,H,100,D,110,D,120,D,200,D,,A,,A,,A,,A,,,A
20241,05347464,7,1,1,100,D,13,D,17,E,,A,,A,,A,,A,,A,,A,,A,,A,,,A
20241,05347464,7,2,1,110,D,13,D,9,E,,A,,A,,A,,A,,A,,A,,A,,A,,,A
20241,05347464,7,3,1,120,D,13,D,18,E,,A,,A,,A,,A,,A,,A,,A,,A,,,A
20241,05347464,7,4,1,200,D,13,D,11,E,,A,,A,,A,,A,,A,,A,,A,,A,,,A
20241,05347474,14,0,1,200,D,11,D,200,D,,A,,A,,A,,A,,A,,A,,A,,A,,,A
20241,05348254,5,0,1,110,D,12,D,130,D,,A,,A,,A,,A,,A,,A,,A,,A,,,A
20241,05348254,6,0,2,100,D,11,D,150,D,,A,,A,,A,,A,,A,,A,,A,,A,,,A
20241,05348274,4,0,1,200,D,12,D,99,D,,A,,A,,A,,A,,A,,A,,A,,A,,,A
20241,05348334,17,0,1,110,D,11,D,55,D,,A,,A,,A,,A,,A,,A,,A,,A,,,A
20241,05348424,10,0,1,220,D,13,D,200,D,,A,,A,,A,,A,,A,,A,,A,,A,,,A
20241,05348424,11,0,1,220,D,13,D,89,D,,A,,A,,A,,A,,A,,A,,A,,A,,,A
20241,05348454,10,0,2,130,D,11,D,60,D,,A,,A,,A,,A,,A,,A,,A,,A,,,A
20241,05348464,9,0,1,220,D,01,D,39,D,,A,,A,,A,,A,,A,,A,,A,,A,,,A
20241,05348544,19,0,1,220,D,12,D,99,D,,A,,A,,A,,A,,A,,A,,A,,A,,,A
20241,05348684,5,0,2,190,D,11,D,480,D,,A,,A,,A,,A,,A,,A,,A,,A,,,A
20241,05348834,2,0,1,190,D,12,D,100,D,,A,,A,,A,,A,,A,,A,,A,,A,,,A
20241,05348914,2,0,1,190,D,13,D,40,D,,A,,A,,A,,A,,A,,A,,A,,A,,,A
20241,05349314,2,0,1,110,D,12,D,100,D,,A,,A,,A,,A,,A,,A,,A,,A,,,A
20241,05349364,3,0,1,190,D,13,D,70,D,,A,,A,,A,,A,,A,,A,,A,,A,,,A
20241,05349534,4,0,1,170,D,13,D,172,F,,A,,A,,A,,A,,A,,A,,A,,A,,,A
20241,05349714,11,0,1,190,D,01,D,140,D,,A,,A,,A,,A,,A,,A,,A,,A,,,A
20241,05349714,12,0,2,190,D,11,D,140,D,,A,,A,,A,,A,,A,,A,,A,,A,,,A
20241,05349784,4,0,1,150,D,12,D,67,D,,A,,A,,A,,A,,A,,A,,A,,A,,,A
20241,05349924,2,0,1,130,D,13,D,160,D,,A,,A,,A,,A,,A,,A,,A,,A,,,A
20241,05349934,4,0,1,190,D,13,D,30,D,,A,,A,,A,,A,,A,,A,,A,,A,,,A
20241,05350014,2,0,1,190,D,01,D,113,D,,A,,A,,A,,A,,A,,A,,A,,A,,,A
20241,05350264,6,0,1,190,D,11,D,95,D,,A,,A,,A,,A,,A,,A,,A,,A,,,A
20241,05351074,24,0,1,220,D,11,D,80,D,,A,,A,,A,,A,,A,,A,,A,,A,,,A
20241,05351074,25,0,1,220,D,13,D,30,D,,A,,A,,A,,A,,A,,A,,A,,A,,,A
20241,05351894,7,0,1,190,D,11,D,119,D,,A,,A,,A,,A,,A,,A,,A,,A,,,A
20241,05351894,8,0,1,190,D,01,D,119,D,,A,,A,,A,,A,,A,,A,,A,,A,,,A
20241,05351894,9,0,1,110,D,01,D,180,D,,A,,A,,A,,A,,A,,A,,A,,A,,,A
20241,05352014,2,0,1,190,D,12,D,96,D,,A,,A,,A,,A,,A,,A,,A,,A,,,A
20241,05352904,6,0,1,220,D,01,D,115,D,,A,,A,,A,,A,,A,,A,,A,,A,,,A
20241,05353154,4,0,1,190,D,01,D,150,D,,A,,A,,A,,A,,A,,A,,A,,A,,,A
20241,05353244,9,0,1,220,D,11,D,129,D,,A,,A,,A,,A,,A,,A,,A,,A,,,A
20241,05353284,6,0,1,200,D,13,D,10,D,,A,,A,,A,,A,,A,,A,,A,,A,,,A
20241,05353464,4,0,1,190,D,13,D,48,D,,A,,A,,A,,A,,A,,A,,A,,A,,,A
20241,05353484,2,0,1,190,D,01,D,250,D,,A,,A,,A,,A,,A,,A,,A,,A,,,A
20241,05353624,5,0,1,190,D,13,D,54,D,,A,,A,,A,,A,,A,,A,,A,,A,,,A
20241,05353954,6,0,1,210,D,01,D,,H,200,D,110,D,,A,,A,,A,,A,,A,,A,,2,A
20241,05353954,6,1,1,200,D,01,D,750,E,,A,,A,,A,,A,,A,,A,,A,,A,,2,A
20241,05353954,6,2,1,110,D,01,D,750,E,,A,,A,,A,,A,,A,,A,,A,,A,,2,A
20241,05354044,6,0,1,110,D,13,D,40,D,,A,,A,,A,,A,,A,,A,,A,,A,,,A
20241,05354054,3,0,1,190,D,13,D,60,D,,A,,A,,A,,A,,A,,A,,A,,A,,,A
20241,05354274,12,0,1,100,D,11,D,125,D,,A,,A,,A,,A,,A,,A,,A,,A,,,A
20241,05354274,13,0,1,110,D,11,D,320,D,,A,,A,,A,,A,,A,,A,,A,,A,,,A
20241,05354274,14,0,1,110,D,01,D,120,D,,A,,A,,A,,A,,A,,A,,A,,A,,,A
20241,05354284,3,0,1,100,D,01,D,40,D,,A,,A,,A,,A,,A,,A,,A,,A,,,A
20241,05354464,5,0,1,190,D,01,D,123,D,,A,,A,,A,,A,,A,,A,,A,,A,,,A
20241,05354464,6,0,2,190,D,11,D,110,D,,A,,A,,A,,A,,A,,A,,A,,A,,,A
20241,05354794,8,0,1,220,D,13,D,8,D,,A,,A,,A,,A,,A,,A,,A,,A,,,A
20241,05354984,3,0,1,190,D,12,D,120,D,,A,,A,,A,,A,,A,,A,,A,,A,,,A
20241,05355014,2,0,1,110,D,01,D,200,D,,A,,A,,A,,A,,A,,A,,A,,A,,,A
20241,05355024,4,0,1,150,D,12,D,11,D,,A,,A,,A,,A,,A,,A,,A,,A,,,A
20241,05355024,5,0,1,130,D,11,D,40,D,,A,,A,,A,,A,,A,,A,,A,,A,,,A
20241,05355144,5,0,1,200,D,12,D,200,D,,A,,A,,A,,A,,A,,A,,A,,A,,,A
20241,05355174,8,0,2,110,D,11,D,20,D,,A,,A,,A,,A,,A,,A,,A,,A,,,A
20241,05355324,7,0,1,190,D,12,D,150,D,,A,,A,,A,,A,,A,,A,,A,,A,,,A
20241,05355364,3,0,1,110,D,02,D,180,D,,A,,A,,A,,A,,A,,A,,A,,A,,,A
20241,05355404,3,0,1,190,D,02,D,125,D,,A,,A,,A,,A,,A,,A,,A,,A,,,A
20241,05355434,4,0,1,190,D,13,D,54,D,,A,,A,,A,,A,,A,,A,,A,,A,,,A
20241,05355784,4,0,1,190,D,13,D,70,D,,A,,A,,A,,A,,A,,A,,A,,A,,,A
20241,05356594,2,0,1,210,D,12,D,,H,110,D,200,D,,A,,A,,A,,A,,A,,A,,,A
20241,05356594,2,1,1,110,D,12,D,30,E,,A,,A,,A,,A,,A,,A,,A,,A,,,A
20241,05356594,2,2,1,200,D,12,D,30,E,,A,,A,,A,,A,,A,,A,,A,,A,,,A
20241,05356594,3,0,1,110,D,12,D,30,D,,A,,A,,A,,A,,A,,A,,A,,A,,,A
20241,05356914,7,0,1,140,D,12,D,200,D,,A,,A,,A,,A,,A,,A,,A,,A,,,A
20241,05357114,6,0,1,170,D,02,D,358,D,,A,,A,,A,,A,,A,,A,,A,,A,,,A
20241,05357224,3,0,1,190,D,02,D,50,D,,A,,A,,A,,A,,A,,A,,A,,A,,,A
20241,05357224,4,0,1,190,D,12,D,50,D,,A,,A,,A,,A,,A,,A,,A,,A,,,A
20241,05357234,7,0,2,110,D,12,D,112,D,,A,,A,,A,,A,,A,,A,,A,,A,,,A
20241,05357274,9,0,5,115,D,13,D,,H,100,D,110,D,,A,,A,,A,,A,,A,,A,,,A
20241,05357274,9,1,5,100,D,13,D,149,G,,A,,A,,A,,A,,A,,A,,A,,A,,,A
20241,05357274,9,2,5,110,D,13,D,80,G,,A,,A,,A,,A,,A,,A,,A,,A,,,A
20241,05357464,3,0,1,190,D,02,D,150,D,,A,,A,,A,,A,,A,,A,,A,,A,,,A
20241,05357804,6,0,1,190,D,02,D,59,D,,A,,A,,A,,A,,A,,A,,A,,A,,,A
20241,05357824,5,0,1,190,D,13,D,38,D,,A,,A,,A,,A,,A,,A,,A,,A,,,A
20241,05358134,7,0,1,190,D,01,D,250,D,,A,,A,,A,,A,,A,,A,,A,,A,,,A
20241,05358134,8,0,1,200,D,13,D,20,D,,A,,A,,A,,A,,A,,A,,A,,A,,,A
20241,05358194,5,0,1,190,D,13,D,40,D,,A,,A,,A,,A,,A,,A,,A,,A,,,A
20241,05358204,7,0,1,190,D,13,D,36,D,,A,,A,,A,,A,,A,,A,,A,,A,,,A
20241,05358204,8,0,1,200,D,01,D,227,D,,A,,A,,A,,A,,A,,A,,A,,A,,,A
20241,05358234,2,0,1,190,D,13,D,20,D,,A,,A,,A,,A,,A,,A,,A,,A,,,A
20241,05358574,11,0,1,190,D,01,D,150,D,,A,,A,,A,,A,,A,,A,,A,,A,,,A
20241,05358664,7,0,1,170,D,02,D,24,D,,A,,A,,A,,A,,A,,A,,A,,A,,,A
20241,05358664,8,0,1,170,D,02,D,12,D,,A,,A,,A,,A,,A,,A,,A,,A,,,A
20241,05358934,7,0,1,190,D,13,D,49,D,,A,,A,,A,,A,,A,,A,,A,,A,,,A
20241,05359094,8,0,1,200,D,02,D,313,D,,A,,A,,A,,A,,A,,A,,A,,A,,,A
20241,05359614,2,0,1,190,D,01,D,1500,D,,A,,A,,A,,A,,A,,A,,A,,A,,,A
20241,05359734,5,0,1,110,D,02,D,150,D,,A,,A,,A,,A,,A,,A,,A,,A,,1,A
20241,05359764,7,0,1,190,D,02,D,162,D,,A,,A,,A,,A,,A,,A,,A,,A,,,A
20241,05359774,4,0,1,190,D,13,D,30,D,,A,,A,,A,,A,,A,,A,,A,,A,,,A
20241,05359924,3,0,1,200,D,02,D,37,D,,A,,A,,A,,A,,A,,A,,A,,A,,,A
20241,05359974,9,0,1,190,D,01,D,305,D,,A,,A,,A,,A,,A,,A,,A,,A,,,A
20241,05359974,10,0,1,190,D,02,D,90,D,,A,,A,,A,,A,,A,,A,,A,,A,,,A
20241,05360194,4,0,2,190,D,12,D,420,D,,A,,A,,A,,A,,A,,A,,A,,A,,,A
20241,05360774,2,0,1,190,D,02,D,40,D,,A,,A,,A,,A,,A,,A,,A,,A,,,A
20241,05360904,4,0,1,220,D,12,D,230,D,,A,,A,,A,,A,,A,,A,,A,,A,,,A
20241,05361174,12,0,1,120,D,12,D,250,D,,A,,A,,A,,A,,A,,A,,A,,A,,,A
20241,05361174,13,0,1,200,D,12,D,150,D,,A,,A,,A,,A,,A,,A,,A,,A,,,A
20241,05361434,9,0,1,130,D,13,D,90,D,,A,,A,,A,,A,,A,,A,,A,,A,,1,A
20241,05362004,2,0,1,100,D,12,D,185,D,,A,,A,,A,,A,,A,,A,,A,,A,,,A
20241,05362124,9,0,1,190,D,01,D,107,D,,A,,A,,A,,A,,A,,A,,A,,A,,,A
20241,05363174,13,0,1,190,D,02,D,56,D,,A,,A,,A,,A,,A,,A,,A,,A,,,A
20241,05363174,14,0,1,190,D,01,D,51,D,,A,,A,,A,,A,,A,,A,,A,,A,,,A
20241,05363174,15,0,1,220,D,13,D,15,D,,A,,A,,A,,A,,A,,A,,A,,A,,,A
20241,05363174,16,0,1,200,D,02,D,160,D,,A,,A,,A,,A,,A,,A,,A,,A,,,A
20241,05363794,4,0,1,190,D,13,D,27,D,,A,,A,,A,,A,,A,,A,,A,,A,,,A
20241,05363794,5,0,1,220,D,12,D,150,D,,A,,A,,A,,A,,A,,A,,A,,A,,,A
20241,05364164,7,0,1,110,D,13,D,95,D,,A,,A,,A,,A,,A,,A,,A,,A,,,A
20241,05364164,8,0,1,190,D,13,D,35,D,,A,,A,,A,,A,,A,,A,,A,,A,,,A
20241,05364164,9,0,1,200,D,12,D,140,D,,A,,A,,A,,A,,A,,A,,A,,A,,,A
20241,05364824,3,0,1,200,D,13,D,26,D,,A,,A,,A,,A,,A,,A,,A,,A,,,A
20241,05364824,4,0,1,190,D,13,D,178,D,,A,,A,,A,,A,,A,,A,,A,,A,,,A
20241,05364874,5,0,1,190,D,01,D,200,D,,A,,A,,A,,A,,A,,A,,A,,A,,,A
20241,05365074,6,0,1,190,D,02,D,125,D,,A,,A,,A,,A,,A,,A,,A,,A,,,A
20241,05365134,3,0,1,190,D,13,D,5,D,,A,,A,,A,,A,,A,,A,,A,,A,,,A
20241,05365414,6,0,1,190,D,02,D,99,D,,A,,A,,A,,A,,A,,A,,A,,A,,,A
20241,05365414,7,0,2,190,D,12,D,90,D,,A,,A,,A,,A,,A,,A,,A,,A,,,A
20241,05365454,11,0,1,190,D,12,D,114,D,,A,,A,,A,,A,,A,,A,,A,,A,,,A
20241,05365644,11,0,1,190,D,01,D,180,D,,A,,A,,A,,A,,A,,A,,A,,A,,,A
20241,05365654,4,0,1,190,D,13,D,43,D,,A,,A,,A,,A,,A,,A,,A,,A,,,A
20241,05365864,4,0,1,190,D,13,D,50,D,,A,,A,,A,,A,,A,,A,,A,,A,,,A
20241,05365934,2,0,1,200,D,01,D,600,D,,A,,A,,A,,A,,A,,A,,A,,A,,,A
20241,05365974,6,0,1,190,D,01,D,150,D,,A,,A,,A,,A,,A,,A,,A,,A,,,A
20241,05366544,6,0,1,120,D,12,D,90,D,,A,,A,,A,,A,,A,,A,,A,,A,,,A
20241,05366774,7,0,1,110,D,02,D,150,D,,A,,A,,A,,A,,A,,A,,A,,A,,,A
20241,05366774,8,0,2,190,D,12,D,90,D,,A,,A,,A,,A,,A,,A,,A,,A,,,A
20241,05366904,7,0,2,170,D,12,D,99,D,,A,,A,,A,,A,,A,,A,,A,,A,,,A
20241,05411693,4,0,1,110,D,13,D,50,D,,A,,A,,A,,A,,A,,A,,A,,A,,,A
20241,05411693,5,0,1,110,D,13,D,33,D,,A,,A,,A,,A,,A,,A,,A,,A,,,A
20241,05411903,7,0,1,190,D,13,D,45,D,,A,,A,,A,,A,,A,,A,,A,,A,,,A
20241,05411913,4,0,1,190,D,10,D,30,D,,A,,A,,A,,A,,A,,A,,A,,A,,,A
20241,05411913,5,0,1,200,D,10,D,50,D,,A,,A,,A,,A,,A,,A,,A,,A,,,A
20241,05412133,12,0,1,190,D,13,D,44,D,,A,,A,,A,,A,,A,,A,,A,,A,,,A
20241,05412133,13,0,1,100,D,12,D,240,D,,A,,A,,A,,A,,A,,A,,A,,A,,,A
20241,05412213,10,0,1,190,D,11,D,102,D,,A,,A,,A,,A,,A,,A,,A,,A,,,A
20241,05412253,4,0,1,220,D,11,D,90,D,,A,,A,,A,,A,,A,,A,,A,,A,,,A
20241,05412743,7,0,1,130,D,10,D,360,D,,A,,A,,A,,A,,A,,A,,A,,A,,,A
20241,05412773,3,0,1,190,D,13,D,80,D,,A,,A,,A,,A,,A,,A,,A,,A,,,A
20241,05412834,4,0,1,200,D,11,D,916,D,,A,,A,,A,,A,,A,,A,,A,,A,,,A
20241,05412943,4,0,1,190,D,13,D,55,D,,A,,A,,A,,A,,A,,A,,A,,A,,,A
20241,05412943,5,0,1,200,D,10,D,180,D,,A,,A,,A,,A,,A,,A,,A,,A,,,A
20241,05413243,12,0,1,190,D,13,D,45,D,,A,,A,,A,,A,,A,,A,,A,,A,,,A
20241,05413283,4,0,1,190,D,10,D,159,D,,A,,A,,A,,A,,A,,A,,A,,A,,,A
20241,05413453,12,0,1,190,D,13,D,99,D,,A,,A,,A,,A,,A,,A,,A,,A,,,A
20241,05413663,2,0,1,200,D,13,D,38,D,,A,,A,,A,,A,,A,,A,,A,,A,,,A
20241,05413823,6,0,2,190,D,10,D,75,D,,A,,A,,A,,A,,A,,A,,A,,A,,,A
20241,05414093,13,0,1,110,D,12,D,300,D,,A,,A,,A,,A,,A,,A,,A,,A,,,A
20241,05414923,4,0,1,100,D,13,D,20,D,,A,,A,,A,,A,,A,,A,,A,,A,,,A
20241,05415483,2,0,1,190,D,12,D,116,D,,A,,A,,A,,A,,A,,A,,A,,A,,,A
20241,05415523,5,0,2,220,D,10,D,40,D,,A,,A,,A,,A,,A,,A,,A,,A,,,A
20241,05416113,14,0,1,140,D,12,D,120,D,,A,,A,,A,,A,,A,,A,,A,,A,,,A
20241,05416223,15,0,1,220,D,13,D,10,D,,A,,A,,A,,A,,A,,A,,A,,A,,,A
20241,05416393,7,0,1,190,D,10,D,946,D,,A,,A,,A,,A,,A,,A,,A,,A,,,A
20241,05416813,5,0,1,200,D,11,D,65,D,,A,,A,,A,,A,,A,,A,,A,,A,,,A
20241,05417453,7,0,1,220,D,13,D,50,D,,A,,A,,A,,A,,A,,A,,A,,A,,,A
20241,05417623,9,0,1,190,D,12,D,104,D,,A,,A,,A,,A,,A,,A,,A,,A,,,A
20241,05417673,4,0,2,190,D,10,D,300,D,,A,,A,,A,,A,,A,,A,,A,,A,,,A
20241,05417853,26,0,1,200,D,13,D,100,D,,A,,A,,A,,A,,A,,A,,A,,A,,,A
20241,05417973,5,0,1,190,D,13,D,25,D,,A,,A,,A,,A,,A,,A,,A,,A,,,A
20241,05418363,3,0,1,190,D,13,D,99,D,,A,,A,,A,,A,,A,,A,,A,,A,,,A
20241,05418453,3,0,1,190,D,13,D,45,D,,A,,A,,A,,A,,A,,A,,A,,A,,,A
20241,05418993,3,0,1,190,D,13,D,98,D,,A,,A,,A,,A,,A,,A,,A,,A,,,A
20241,05419873,8,0,1,220,D,13,D,24,D,,A,,A,,A,,A,,A,,A,,A,,A,,,A
20241,05420073,5,0,1,190,D,10,D,139,F,,A,,A,,A,,A,,A,,A,,A,,A,,,A
20241,05420353,2,0,1,100,D,12,D,130,D,,A,,A,,A,,A,,A,,A,,A,,A,,,A
20241,05420713,10,0,1,190,D,10,D,80,D,,A,,A,,A,,A,,A,,A,,A,,A,,,A
20241,05420763,15,0,1,190,D,12,D,90,D,,A,,A,,A,,A,,A,,A,,A,,A,,,A
20241,05420763,16,0,1,190,D,12,D,45,D,,A,,A,,A,,A,,A,,A,,A,,A,,,A
20241,05420763,17,0,1,200,D,10,D,300,D,,A,,A,,A,,A,,A,,A,,A,,A,,,A
20241,05420763,18,0,2,190,D,10,D,92,D,,A,,A,,A,,A,,A,,A,,A,,A,,,A
20241,05420863,2,0,1,190,D,13,D,50,D,,A,,A,,A,,A,,A,,A,,A,,A,,,A
20241,05421293,7,0,1,190,D,11,D,89,D,,A,,A,,A,,A,,A,,A,,A,,A,,,A
20241,05421323,9,0,1,190,D,13,D,100,D,,A,,A,,A,,A,,A,,A,,A,,A,,,A
20241,05421733,6,0,1,190,D,12,D,93,D,,A,,A,,A,,A,,A,,A,,A,,A,,,A
20241,05421773,9,0,1,190,D,12,D,250,D,,A,,A,,A,,A,,A,,A,,A,,A,,,A
20241,05421843,5,0,1,190,D,13,D,130,D,,A,,A,,A,,A,,A,,A,,A,,A,,,A
20241,05422453,10,0,1,200,D,10,D,36,D,,A,,A,,A,,A,,A,,A,,A,,A,,,A
20241,05422513,3,0,1,190,D,12,D,1600,D,,A,,A,,A,,A,,A,,A,,A,,A,,,A
20241,05422803,3,0,1,190,D,13,D,45,D,,A,,A,,A,,A,,A,,A,,A,,A,,,A
20241,05422843,11,0,1,190,D,11,D,135,D,,A,,A,,A,,A,,A,,A,,A,,A,,,A
20241,05422843,12,0,1,190,D,12,D,135,D,,A,,A,,A,,A,,A,,A,,A,,A,,,A
20241,05422843,13,0,1,200,D,11,D,300,D,,A,,A,,A,,A,,A,,A,,A,,A,,,A
20241,05422843,14,0,2,190,D,10,D,140,D,,A,,A,,A,,A,,A,,A,,A,,A,,,A
20241,05423283,6,0,1,220,D,11,D,110,D,,A,,A,,A,,A,,A,,A,,A,,A,,,A
20241,05423503,6,0,1,200,D,01,D,225,D,,A,,A,,A,,A,,A,,A,,A,,A,,,A
20241,05423863,6,0,1,110,D,01,D,315,D,,A,,A,,A,,A,,A,,A,,A,,A,,,A
20241,05423953,5,0,1,200,D,01,D,380,D,,A,,A,,A,,A,,A,,A,,A,,A,,,A
20241,05424033,11,0,1,190,D,01,D,140,D,,A,,A,,A,,A,,A,,A,,A,,A,,,A
20241,05424853,13,0,1,190,D,01,D,150,D,,A,,A,,A,,A,,A,,A,,A,,A,,,A
20241,05425253,5,0,2,200,D,11,D,767,D,,A,,A,,A,,A,,A,,A,,A,,A,,,A
20241,05425503,7,0,1,190,D,01,D,148,D,,A,,A,,A,,A,,A,,A,,A,,A,,,A
20241,05425963,5,0,1,190,D,12,D,90,D,,A,,A,,A,,A,,A,,A,,A,,A,,,A
20241,05426093,7,0,1,190,D,13,D,45,D,,A,,A,,A,,A,,A,,A,,A,,A,,,A
20241,05426173,4,0,1,130,D,11,D,300,D,,A,,A,,A,,A,,A,,A,,A,,A,,,A
20241,05426253,12,0,1,190,D,01,D,172,D,,A,,A,,A,,A,,A,,A,,A,,A,,,A
20241,05426773,4,0,2,200,D,11,D,150,D,,A,,A,,A,,A,,A,,A,,A,,A,,,A
20241,05426783,4,0,1,120,D,13,D,12,D,,A,,A,,A,,A,,A,,A,,A,,A,,,A
20241,05426963,3,0,1,110,D,13,D,20,D,,A,,A,,A,,A,,A,,A,,A,,A,,,A
20241,05426963,4,0,1,190,D,12,D,127,D,,A,,A,,A,,A,,A,,A,,A,,A,,,A
20241,05426973,3,0,1,190,D,11,D,28,D,,A,,A,,A,,A,,A,,A,,A,,A,,,A
20241,05427283,2,0,1,170,D,01,D,110,D,,A,,A,,A,,A,,A,,A,,A,,A,,,A
20241,05427363,4,0,1,200,D,13,D,28,D,,A,,A,,A,,A,,A,,A,,A,,A,,,A
20241,05427683,7,0,1,220,D,13,D,10,D,,A,,A,,A,,A,,A,,A,,A,,A,,,A
20241,05427843,8,0,1,190,D,01,D,110,D,,A,,A,,A,,A,,A,,A,,A,,A,,,A
20241,05428073,3,0,1,130,D,01,D,500,D,,A,,A,,A,,A,,A,,A,,A,,A,,,A
20241,05428433,11,0,1,120,D,13,D,9,D,,A,,A,,A,,A,,A,,A,,A,,A,,,A
20241,05428533,4,0,1,190,D,13,D,80,D,,A,,A,,A,,A,,A,,A,,A,,A,,,A
20241,05428653,4,0,1,220,D,01,D,209,D,,A,,A,,A,,A,,A,,A,,A,,A,,,A
20241,05428733,4,0,1,110,D,01,D,55,D,,A,,A,,A,,A,,A,,A,,A,,A,,,A
20241,05428813,6,0,1,190,D,11,D,163,D,,A,,A,,A,,A,,A,,A,,A,,A,,,A
20241,05428883,4,0,1,190,D,13,D,30,D,,A,,A,,A,,A,,A,,A,,A,,A,,,A
20241,05429153,3,0,1,190,D,12,D,50,D,,A,,A,,A,,A,,A,,A,,A,,A,,,A
20241,05429673,8,0,1,190,D,11,D,25,D,,A,,A,,A,,A,,A,,A,,A,,A,,,A
20241,05430493,11,0,1,190,D,12,D,200,D,,A,,A,,A,,A,,A,,A,,A,,A,,,A
20241,05430743,14,0,1,110,D,01,D,235,D,,A,,A,,A,,A,,A,,A,,A,,A,,,A
20241,05430893,3,0,1,190,D,01,D,100,D,,A,,A,,A,,A,,A,,A,,A,,A,,,A
20241,05431183,4,0,1,100,D,12,D,250,D,,A,,A,,A,,A,,A,,A,,A,,A,,,A
20241,05431663,2,0,2,190,D,11,D,60,D,,A,,A,,A,,A,,A,,A,,A,,A,,,A
20241,05431883,14,0,1,190,D,01,D,112,D,,A,,A,,A,,A,,A,,A,,A,,A,,,A
20241,05432043,8,0,1,110,D,12,D,50,D,,A,,A,,A,,A,,A,,A,,A,,A,,,A
20241,05432103,10,0,2,190,D,11,D,138,D,,A,,A,,A,,A,,A,,A,,A,,A,,,A
20241,05432173,8,0,1,190,D,12,D,108,D,,A,,A,,A,,A,,A,,A,,A,,A,,,A
20241,05432193,4,0,1,220,D,13,D,10,D,,A,,A,,A,,A,,A,,A,,A,,A,,,A
20241,05432233,12,0,1,190,D,12,D,120,D,,A,,A,,A,,A,,A,,A,,A,,A,,,A
20241,05432323,4,0,2,190,D,11,D,150,D,,A,,A,,A,,A,,A,,A,,A,,A,,,A
20241,05432383,5,0,1,200,D,13,D,77,D,,A,,A,,A,,A,,A,,A,,A,,A,,,A
20241,05432383,24,0,5,110,D,13,D,49,D,,A,,A,,A,,A,,A,,A,,A,,A,,,A
20241,05432623,2,0,1,190,D,01,D,150,D,,A,,A,,A,,A,,A,,A,,A,,A,,,A
20241,05433073,7,0,1,190,D,13,D,40,D,,A,,A,,A,,A,,A,,A,,A,,A,,,A
20241,05433213,6,0,1,130,D,13,D,150,D,,A,,A,,A,,A,,A,,A,,A,,A,,,A
20241,05433213,7,0,1,130,D,13,D,175,D,,A,,A,,A,,A,,A,,A,,A,,A,,,A
20241,05433573,9,0,1,220,D,01,D,200,D,,A,,A,,A,,A,,A,,A,,A,,A,,,A
20241,05433813,4,0,1,190,D,11,D,107,D,,A,,A,,A,,A,,A,,A,,A,,A,,,A
20241,05434043,3,0,1,110,D,13,D,80,D,,A,,A,,A,,A,,A,,A,,A,,A,,,A
20241,05434043,4,0,1,190,D,13,D,69,D,,A,,A,,A,,A,,A,,A,,A,,A,,,A
20241,05434403,3,0,1,110,D,01,D,150,F,,A,,A,,A,,A,,A,,A,,A,,A,,,A
20241,05434413,4,0,1,130,D,12,D,414,D,,A,,A,,A,,A,,A,,A,,A,,A,,,A
20241,05434473,6,0,1,110,D,01,D,100,D,,A,,A,,A,,A,,A,,A,,A,,A,,,A
20241,05434533,13,0,1,110,D,11,D,400,D,,A,,A,,A,,A,,A,,A,,A,,A,,2,A
20241,05434533,14,0,1,140,D,11,D,300,D,,A,,A,,A,,A,,A,,A,,A,,A,,,A
20241,05434703,3,0,1,190,D,01,D,100,D,,A,,A,,A,,A,,A,,A,,A,,A,,,A
20241,05434813,10,0,1,190,D,01,D,140,D,,A,,A,,A,,A,,A,,A,,A,,A,,,A
20241,05434963,18,0,1,190,D,11,D,191,D,,A,,A,,A,,A,,A,,A,,A,,A,,,A
20241,05434993,8,0,1,110,D,01,D,100,D,,A,,A,,A,,A,,A,,A,,A,,A,,,A
20241,05434993,9,0,1,110,D,01,D,100,D,,A,,A,,A,,A,,A,,A,,A,,A,,,A
20241,05435293,4,0,1,110,D,13,D,48,D,,A,,A,,A,,A,,A,,A,,A,,A,,,A
20241,05435503,2,0,2,100,D,12,D,277,F,,A,,A,,A,,A,,A,,A,,A,,A,,,A
20241,05435683,5,0,1,220,D,13,D,10,D,,A,,A,,A,,A,,A,,A,,A,,A,,,A
20241,05435733,11,0,1,110,D,01,D,18,D,,A,,A,,A,,A,,A,,A,,A,,A,,,A
20241,05435763,6,0,1,190,D,01,D,120,D,,A,,A,,A,,A,,A,,A,,A,,A,,,A
20241,05436043,5,0,2,200,D,12,D,200,D,,A,,A,,A,,A,,A,,A,,A,,A,,,A
20241,05436143,7,0,1,110,D,01,D,300,D,,A,,A,,A,,A,,A,,A,,A,,A,,,A
20241,05436353,6,0,1,190,D,02,D,58,D,,A,,A,,A,,A,,A,,A,,A,,A,,,A
20241,05436443,7,0,1,170,D,01,D,250,D,,A,,A,,A,,A,,A,,A,,A,,A,,,A
20241,05436613,4,0,1,100,D,01,D,125,D,,A,,A,,A,,A,,A,,A,,A,,A,,,A
20241,05436903,7,0,1,190,D,01,D,139,F,,A,,A,,A,,A,,A,,A,,A,,A,,,A
20241,05436973,7,0,1,190,D,12,D,40,D,,A,,A,,A,,A,,A,,A,,A,,A,,,A
20241,05437013,6,0,1,190,D,13,D,40,D,,A,,A,,A,,A,,A,,A,,A,,A,,,A
20241,05437173,4,0,2,200,D,12,D,49,D,,A,,A,,A,,A,,A,,A,,A,,A,,,A
20241,05437283,2,0,1,190,D,02,D,51,D,,A,,A,,A,,A,,A,,A,,A,,A,,,A
20241,05437353,3,0,1,100,D,13,D,4,D,,A,,A,,A,,A,,A,,A,,A,,A,,,A
20241,05437423,5,0,1,190,D,13,D,20,D,,A,,A,,A,,A,,A,,A,,A,,A,,,A
20241,05437933,3,0,1,110,D,01,D,130,D,,A,,A,,A,,A,,A,,A,,A,,A,,,A
20241,05438303,4,0,1,200,D,13,D,10,D,,A,,A,,A,,A,,A,,A,,A,,A,,,A
20241,05438303,718,0,1,220,D,13,D,5,D,,A,,A,,A,,A,,A,,A,,A,,A,,,A
20241,05439583,2,0,1,190,D,13,D,85,D,,A,,A,,A,,A,,A,,A,,A,,A,,,A
20241,05440173,2,0,1,190,D,13,D,45,D,,A,,A,,A,,A,,A,,A,,A,,A,,,A
20241,05440263,5,0,1,200,D,13,D,15,D,,A,,A,,A,,A,,A,,A,,A,,A,,,A
20241,05440283,4,0,1,190,D,02,D,65,D,,A,,A,,A,,A,,A,,A,,A,,A,,,A
20241,05440813,8,0,1,200,D,13,D,15,D,,A,,A,,A,,A,,A,,A,,A,,A,,,A
20241,05441123,6,0,1,200,D,02,D,235,D,,A,,A,,A,,A,,A,,A,,A,,A,,,A
20241,05441403,3,0,1,110,D,13,D,34,D,,A,,A,,A,,A,,A,,A,,A,,A,,,A
20241,05441913,9,0,1,190,D,02,D,119,D,,A,,A,,A,,A,,A,,A,,A,,A,,,A
20241,05441963,14,0,1,110,D,01,D,90,D,,A,,A,,A,,A,,A,,A,,A,,A,,,A
20241,05441973,5,0,1,190,D,02,D,95,D,,A,,A,,A,,A,,A,,A,,A,,A,,,A
20241,05442003,13,0,1,220,D,01,D,299,D,,A,,A,,A,,A,,A,,A,,A,,A,,,A
20241,05442053,7,0,1,190,D,01,D,78,D,,A,,A,,A,,A,,A,,A,,A,,A,,,A
20241,05442163,8,0,1,190,D,13,D,135,D,,A,,A,,A,,A,,A,,A,,A,,A,,,A
20241,05442163,9,0,1,200,D,13,D,30,D,,A,,A,,A,,A,,A,,A,,A,,A,,,A
20241,05442253,2,0,1,190,D,02,D,125,D,,A,,A,,A,,A,,A,,A,,A,,A,,,A
20241,05442383,2,0,1,190,D,02,D,60,D,,A,,A,,A,,A,,A,,A,,A,,A,,,A
20241,05442523,3,0,1,190,D,01,D,660,D,,A,,A,,A,,A,,A,,A,,A,,A,,,A
20241,05442783,5,0,1,130,D,02,D,480,D,,A,,A,,A,,A,,A,,A,,A,,A,,3,A
20241,05443033,4,0,1,200,D,13,D,15,D,,A,,A,,A,,A,,A,,A,,A,,A,,,A
20241,05443403,7,0,1,190,D,12,D,211,D,,A,,A,,A,,A,,A,,A,,A,,A,,,A
20241,05443693,2,0,1,190,D,12,D,350,D,,A,,A,,A,,A,,A,,A,,A,,A,,,A
20241,05444043,8,0,1,110,D,02,D,610,D,,A,,A,,A,,A,,A,,A,,A,,A,,,A
20241,05444043,9,0,1,110,D,02,D,300,D,,A,,A,,A,,A,,A,,A,,A,,A,,,A
20241,05444043,10,0,1,190,D,02,D,110,D,,A,,A,,A,,A,,A,,A,,A,,A,,,A
20241,05444043,11,0,2,190,D,12,D,110,D,,A,,A,,A,,A,,A,,A,,A,,A,,,A
20241,05444073,4,0,1,210,D,13,D,,H,100,D,200,D,110,D,,A,,A,,A,,A,,A,,,A
20241,05444073,4,1,1,100,D,13,D,26,E,,A,,A,,A,,A,,A,,A,,A,,A,,,A
20241,05444073,4,2,1,200,D,13,D,14,E,,A,,A,,A,,A,,A,,A,,A,,A,,,A
20241,05444073,4,3,1,110,D,13,D,15,E,,A,,A,,A,,A,,A,,A,,A,,A,,,A
20241,05444733,4,0,1,170,D,02,D,125,D,,A,,A,,A,,A,,A,,A,,A,,A,,,A
20241,05445053,13,0,1,200,D,13,D,19,D,,A,,A,,A,,A,,A,,A,,A,,A,,,A
20241,05445623,8,0,1,200,D,13,D,17,D,,A,,A,,A,,A,,A,,A,,A,,A,,,A
20241,05445673,2,0,1,190,D,12,D,80,D,,A,,A,,A,,A,,A,,A,,A,,A,,,A
20241,05446193,20,0,5,115,D,13,D,,H,100,D,110,D,,A,,A,,A,,A,,A,,A,,,A
20241,05446193,20,1,5,100,D,13,D,32,E,,A,,A,,A,,A,,A,,A,,A,,A,,,A
20241,05446193,20,2,5,110,D,13,D,17,E,,A,,A,,A,,A,,A,,A,,A,,A,,,A
20241,05538092,17,0,1,170,D,12,D,170,D,,A,,A,,A,,A,,A,,A,,A,,A,,,A
20241,05538092,18,0,1,190,D,12,D,127,D,,A,,A,,A,,A,,A,,A,,A,,A,,,A
20241,05538362,4,0,1,190,D,13,D,75,D,,A,,A,,A,,A,,A,,A,,A,,A,,,A
20241,05538392,4,0,1,210,D,11,D,,H,210,D,120,D,,A,,A,,A,,A,,A,,A,,,A
20241,05538392,4,1,1,120,D,11,D,3,E,,A,,A,,A,,A,,A,,A,,A,,A,,,A
20241,05538392,4,2,1,190,D,11,D,1,E,,A,,A,,A,,A,,A,,A,,A,,A,,,A
20241,05538392,4,3,1,220,D,11,D,1,E,,A,,A,,A,,A,,A,,A,,A,,A,,,A
20241,05538692,5,0,1,190,D,13,D,60,D,,A,,A,,A,,A,,A,,A,,A,,A,,,A
20241,05538922,13,0,1,190,D,10,D,99,D,,A,,A,,A,,A,,A,,A,,A,,A,,,A
20241,05538922,14,0,1,190,D,12,D,99,D,,A,,A,,A,,A,,A,,A,,A,,A,,,A
20241,05539042,6,0,1,110,D,13,D,70,D,,A,,A,,A,,A,,A,,A,,A,,A,,4,A
20241,05539042,7,0,1,190,D,10,D,95,D,,A,,A,,A,,A,,A,,A,,A,,A,,,A
20241,05539042,8,0,1,190,D,12,D,95,D,,A,,A,,A,,A,,A,,A,,A,,A,,,A
20241,05539162,9,0,1,190,D,13,D,115,D,,A,,A,,A,,A,,A,,A,,A,,A,,,A
20241,05539162,10,0,1,110,D,12,D,30,D,,A,,A,,A,,A,,A,,A,,A,,A,,,A
20241,05539362,9,0,1,110,D,10,D,150,D,,A,,A,,A,,A,,A,,A,,A,,A,,,A
20241,05539362,10,0,1,200,D,11,D,75,D,,A,,A,,A,,A,,A,,A,,A,,A,,,A
20241,05539582,6,0,2,200,D,10,D,350,D,,A,,A,,A,,A,,A,,A,,A,,A,,,A
20241,05539692,8,0,1,190,D,11,D,1900,D,,A,,A,,A,,A,,A,,A,,A,,A,,,A
20241,05539692,9,0,1,190,D,12,D,2000,D,,A,,A,,A,,A,,A,,A,,A,,A,,,A
20241,05539692,10,0,2,170,D,10,D,400,D,,A,,A,,A,,A,,A,,A,,A,,A,,,A
20241,05539772,6,0,1,190,D,13,D,33,D,,A,,A,,A,,A,,A,,A,,A,,A,,,A
20241,05540262,3,0,1,190,D,10,D,86,D,,A,,A,,A,,A,,A,,A,,A,,A,,,A
20241,05540322,6,0,1,200,D,11,D,150,D,,A,,A,,A,,A,,A,,A,,A,,A,,,A
20241,05540522,4,0,1,190,D,10,D,54,D,,A,,A,,A,,A,,A,,A,,A,,A,,,A
20241,05540522,5,0,1,200,D,10,D,50,D,,A,,A,,A,,A,,A,,A,,A,,A,,,A
20241,05540762,5,0,1,190,D,10,D,120,D,,A,,A,,A,,A,,A,,A,,A,,A,,,A
20241,05541642,15,0,1,220,D,12,D,100,D,,A,,A,,A,,A,,A,,A,,A,,A,,,A
20241,05542072,7,0,1,190,D,12,D,668,D,,A,,A,,A,,A,,A,,A,,A,,A,,,A
20241,05542504,9,0,2,220,D,10,D,193,D,,A,,A,,A,,A,,A,,A,,A,,A,,,A
20241,05542562,15,0,1,200,D,13,D,36,D,,A,,A,,A,,A,,A,,A,,A,,A,,,A
20241,05542742,5,0,1,190,D,12,D,45,D,,A,,A,,A,,A,,A,,A,,A,,A,,,A
20241,05542762,3,0,1,190,D,12,D,191,D,,A,,A,,A,,A,,A,,A,,A,,A,,,A
20241,05542762,4,0,1,190,D,11,D,55,D,,A,,A,,A,,A,,A,,A,,A,,A,,,A
20241,05543012,4,0,1,130,D,13,D,70,D,,A,,A,,A,,A,,A,,A,,A,,A,,,A
20241,05543012,5,0,1,190,D,13,D,30,D,,A,,A,,A,,A,,A,,A,,A,,A,,,A
20241,05543032,5,0,1,220,D,12,D,210,D,,A,,A,,A,,A,,A,,A,,A,,A,,,A
20241,05543122,5,0,1,190,D,13,D,35,D,,A,,A,,A,,A,,A,,A,,A,,A,,,A
20241,05543152,7,0,1,190,D,13,D,40,D,,A,,A,,A,,A,,A,,A,,A,,A,,,A
20241,05543202,4,0,1,190,D,12,D,90,D,,A,,A,,A,,A,,A,,A,,A,,A,,,A
20241,05543202,5,0,1,200,D,13,D,35,D,,A,,A,,A,,A,,A,,A,,A,,A,,,A
20241,05544072,8,0,1,190,D,13,D,148,D,,A,,A,,A,,A,,A,,A,,A,,A,,,A
20241,05544112,4,0,1,110,D,12,D,80,D,,A,,A,,A,,A,,A,,A,,A,,A,,,A
20241,05544572,15,0,1,190,D,10,D,90,D,,A,,A,,A,,A,,A,,A,,A,,A,,,A
20241,05545582,15,0,1,200,D,11,D,350,D,,A,,A,,A,,A,,A,,A,,A,,A,,,A
20241,05545802,4,0,1,190,D,12,D,100,D,,A,,A,,A,,A,,A,,A,,A,,A,,,A
20241,05546102,7,0,1,220,D,11,D,10,D,,A,,A,,A,,A,,A,,A,,A,,A,,,A
20241,05546432,7,0,1,220,D,12,D,175,D,,A,,A,,A,,A,,A,,A,,A,,A,,,A
20241,05546652,5,0,2,190,D,10,D,100,D,,A,,A,,A,,A,,A,,A,,A,,A,,,A
20241,05546822,9,0,1,130,D,10,D,250,D,,A,,A,,A,,A,,A,,A,,A,,A,,,A
20241,05546822,10,0,1,110,D,11,D,125,D,,A,,A,,A,,A,,A,,A,,A,,A,,,A
20241,05546872,4,0,1,130,D,10,D,85,D,,A,,A,,A,,A,,A,,A,,A,,A,,,A
20241,05546912,28,0,1,110,D,11,F,150,F,,A,,A,,A,,A,,A,,A,,A,,A,,,A
20241,05547022,3,0,1,190,D,13,D,30,D,,A,,A,,A,,A,,A,,A,,A,,A,,,A
20241,05547042,4,0,1,200,D,13,D,13,D,,A,,A,,A,,A,,A,,A,,A,,A,,,A
20241,05547312,14,0,1,100,D,11,D,400,D,,A,,A,,A,,A,,A,,A,,A,,A,,,A
20241,05547312,15,0,1,200,D,12,D,80,D,,A,,A,,A,,A,,A,,A,,A,,A,,,A
20241,05547402,6,0,1,190,D,10,D,100,D,,A,,A,,A,,A,,A,,A,,A,,A,,,A
20241,05547782,4,0,1,120,D,11,D,150,D,,A,,A,,A,,A,,A,,A,,A,,A,,,A
20241,05548072,6,0,1,140,D,12,D,39,D,,A,,A,,A,,A,,A,,A,,A,,A,,,A
20241,05548242,4,0,1,200,D,12,D,40,D,,A,,A,,A,,A,,A,,A,,A,,A,,,A
20241,05548352,10,0,1,220,D,12,D,193,D,,A,,A,,A,,A,,A,,A,,A,,A,,,A
20241,05548772,7,0,1,190,D,12,D,50,D,,A,,A,,A,,A,,A,,A,,A,,A,,,A
20241,05548912,4,0,1,190,D,13,D,10,D,,A,,A,,A,,A,,A,,A,,A,,A,,,A
20241,05548962,19,0,1,110,D,10,D,600,D,,A,,A,,A,,A,,A,,A,,A,,A,,,A
20241,05548982,20,0,1,220,D,12,D,78,D,,A,,A,,A,,A,,A,,A,,A,,A,,,A
20241,05549182,12,0,1,190,D,13,D,50,D,,A,,A,,A,,A,,A,,A,,A,,A,,,A
20241,05549792,7,0,1,190,D,11,D,300,D,,A,,A,,A,,A,,A,,A,,A,,A,,,A
20241,05549812,10,0,1,110,D,01,D,25,D,,A,,A,,A,,A,,A,,A,,A,,A,,,A
20241,05549832,5,0,1,190,D,13,D,70,D,,A,,A,,A,,A,,A,,A,,A,,A,,,A
20241,05549892,7,0,1,110,D,11,D,150,D,,A,,A,,A,,A,,A,,A,,A,,A,,,A
20241,05549922,4,0,1,110,D,12,D,600,D,,A,,A,,A,,A,,A,,A,,A,,A,,,A
20241,05550002,3,0,1,110,D,11,D,80,D,,A,,A,,A,,A,,A,,A,,A,,A,,,A
20241,05550182,2,0,1,190,D,13,D,75,D,,A,,A,,A,,A,,A,,A,,A,,A,,,A
20241,05550252,4,0,2,190,D,11,D,75,D,,A,,A,,A,,A,,A,,A,,A,,A,,,A
20241,05550252,5,0,2,110,D,11,D,120,D,,A,,A,,A,,A,,A,,A,,A,,A,,,A
20241,05550402,9,0,1,190,D,11,D,160,D,,A,,A,,A,,A,,A,,A,,A,,A,,,A
20241,05550402,10,0,1,190,D,01,D,160,D,,A,,A,,A,,A,,A,,A,,A,,A,,,A
20241,05550402,11,0,1,150,D,12,D,13,D,,A,,A,,A,,A,,A,,A,,A,,A,,,A
20241,05550402,12,0,2,190,D,11,D,160,D,,A,,A,,A,,A,,A,,A,,A,,A,,,A
20241,05551122,2,0,1,190,D,11,D,100,D,,A,,A,,A,,A,,A,,A,,A,,A,,,A
20241,05551332,5,0,1,200,D,12,D,125,D,,A,,A,,A,,A,,A,,A,,A,,A,,,A
20241,05551332,6,0,1,190,D,11,D,150,D,,A,,A,,A,,A,,A,,A,,A,,A,,,A
20241,05551412,10,0,2,190,D,11,D,100,D,,A,,A,,A,,A,,A,,A,,A,,A,,,A
20241,05551442,7,0,1,190,D,12,D,178,D,,A,,A,,A,,A,,A,,A,,A,,A,,,A
20241,05551562,5,0,1,190,D,12,D,242,D,,A,,A,,A,,A,,A,,A,,A,,A,,,A
20241,05551972,5,0,1,200,D,13,D,45,D,,A,,A,,A,,A,,A,,A,,A,,A,,,A
20241,05551972,6,0,2,110,D,11,D,107,D,,A,,A,,A,,A,,A,,A,,A,,A,,,A
20241,05552032,6,0,1,220,D,12,D,180,D,,A,,A,,A,,A,,A,,A,,A,,A,,,A
20241,05552032,7,0,1,110,D,13,D,20,D,,A,,A,,A,,A,,A,,A,,A,,A,,,A
20241,05552342,3,0,1,190,D,12,D,40,D,,A,,A,,A,,A,,A,,A,,A,,A,,,A
20241,05552342,4,0,1,190,D,01,D,40,D,,A,,A,,A,,A,,A,,A,,A,,A,,,A
20241,05552372,6,0,1,190,D,13,D,70,D,,A,,A,,A,,A,,A,,A,,A,,A,,,A
20241,05552422,3,0,1,210,D,11,D,,H,210,D,110,D,,A,,A,,A,,A,,A,,A,,,A
20241,05552422,3,1,1,110,D,11,D,60,G,,A,,A,,A,,A,,A,,A,,A,,A,,,A
20241,05552422,3,2,1,190,D,11,D,53,G,,A,,A,,A,,A,,A,,A,,A,,A,,,A
20241,05552422,3,3,1,200,D,11,D,59,G,,A,,A,,A,,A,,A,,A,,A,,A,,,A
20241,05552562,3,0,1,190,D,13,D,35,D,,A,,A,,A,,A,,A,,A,,A,,A,,,A
20241,05553202,8,0,1,190,D,13,D,30,D,,A,,A,,A,,A,,A,,A,,A,,A,,,A
20241,05553202,9,0,2,190,D,11,D,30,D,,A,,A,,A,,A,,A,,A,,A,,A,,,A
20241,05553942,9,0,1,110,D,13,D,60,D,,A,,A,,A,,A,,A,,A,,A,,A,,,A
20241,05553942,10,0,1,110,D,11,D,80,D,,A,,A,,A,,A,,A,,A,,A,,A,,,A
20241,05553942,11,0,1,190,D,01,D,60,D,,A,,A,,A,,A,,A,,A,,A,,A,,,A
20241,05554052,6,0,1,200,D,12,D,200,D,,A,,A,,A,,A,,A,,A,,A,,A,,,A
20241,05554072,2,0,1,100,D,12,D,277,F,,A,,A,,A,,A,,A,,A,,A,,A,,,A
20241,05554212,3,0,1,190,D,01,D,130,D,,A,,A,,A,,A,,A,,A,,A,,A,,,A
20241,05554222,14,0,1,140,D,12,D,60,D,,A,,A,,A,,A,,A,,A,,A,,A,,,A
20241,05554442,5,0,1,220,D,01,D,20,D,,A,,A,,A,,A,,A,,A,,A,,A,,,A
20241,05554862,3,0,1,200,D,01,D,25,D,,A,,A,,A,,A,,A,,A,,A,,A,,,A
20241,05555302,2,0,1,100,D,11,D,250,D,,A,,A,,A,,A,,A,,A,,A,,A,,,A
20241,05555882,8,0,1,200,D,01,D,90,D,,A,,A,,A,,A,,A,,A,,A,,A,,,A
20241,05556682,4,0,1,190,D,11,D,60,D,,A,,A,,A,,A,,A,,A,,A,,A,,,A
20241,05557262,10,0,1,190,D,13,D,45,D,,A,,A,,A,,A,,A,,A,,A,,A,,,A
20241,05557332,8,0,1,190,D,11,D,75,D,,A,,A,,A,,A,,A,,A,,A,,A,,,A
20241,05557462,7,0,1,200,D,01,D,300,D,,A,,A,,A,,A,,A,,A,,A,,A,,,A
20241,05557492,2,0,1,130,D,12,D,50,D,,A,,A,,A,,A,,A,,A,,A,,A,,,A
20241,05557492,3,0,1,130,D,01,D,100,D,,A,,A,,A,,A,,A,,A,,A,,A,,,A
20241,05557502,7,0,1,190,D,13,D,45,D,,A,,A,,A,,A,,A,,A,,A,,A,,,A
20241,05557912,6,0,1,140,D,12,D,120,D,,A,,A,,A,,A,,A,,A,,A,,A,,,A
20241,05558172,10,0,1,190,D,12,D,70,D,,A,,A,,A,,A,,A,,A,,A,,A,,,A
20241,05558172,11,0,1,200,D,01,D,125,D,,A,,A,,A,,A,,A,,A,,A,,A,,,A
20241,05558352,11,0,1,140,D,01,D,245,D,,A,,A,,A,,A,,A,,A,,A,,A,,,A
20241,05558494,7,0,1,110,D,01,D,85,D,,A,,A,,A,,A,,A,,A,,A,,A,,,A
20241,05558494,8,0,1,110,D,01,D,85,D,,A,,A,,A,,A,,A,,A,,A,,A,,,A
20241,05558602,3,0,1,200,D,13,D,17,D,,A,,A,,A,,A,,A,,A,,A,,A,,,A
20241,05558792,2,0,1,190,D,01,D,75,D,,A,,A,,A,,A,,A,,A,,A,,A,,,A
20241,05558862,6,0,1,200,D,11,D,340,D,,A,,A,,A,,A,,A,,A,,A,,A,,,A
20241,05558952,3,0,1,200,D,13,D,60,D,,A,,A,,A,,A,,A,,A,,A,,A,,,A
20241,05558952,4,0,1,220,D,13,D,160,D,,A,,A,,A,,A,,A,,A,,A,,A,,,A
20241,05558952,5,0,1,190,D,01,D,129,D,,A,,A,,A,,A,,A,,A,,A,,A,,,A
20241,05558972,6,0,1,190,D,11,D,60,D,,A,,A,,A,,A,,A,,A,,A,,A,,,A
20241,05558972,7,0,1,190,D,01,D,60,D,,A,,A,,A,,A,,A,,A,,A,,A,,,A
20241,05559092,6,0,1,190,D,12,D,100,D,,A,,A,,A,,A,,A,,A,,A,,A,,,A
20241,05559582,6,0,1,110,D,01,D,368,D,,A,,A,,A,,A,,A,,A,,A,,A,,,A
20241,05559902,2,0,1,110,D,13,D,90,D,,A,,A,,A,,A,,A,,A,,A,,A,,,A
20241,05559942,6,0,1,200,D,12,D,900,D,,A,,A,,A,,A,,A,,A,,A,,A,,,A
20241,05559952,8,0,1,110,D,13,D,89,D,,A,,A,,A,,A,,A,,A,,A,,A,,,A
20241,05560432,3,0,1,190,D,13,D,60,D,,A,,A,,A,,A,,A,,A,,A,,A,,,A
20241,05560612,3,0,1,190,D,13,D,50,D,,A,,A,,A,,A,,A,,A,,A,,A,,,A
20241,05560622,4,0,1,110,D,01,D,40,D,,A,,A,,A,,A,,A,,A,,A,,A,,,A
20241,05560952,12,0,1,220,D,12,D,160,D,,A,,A,,A,,A,,A,,A,,A,,A,,,A
20241,05561042,4,0,1,190,D,01,D,97,D,,A,,A,,A,,A,,A,,A,,A,,A,,,A
20241,05561272,10,0,1,200,D,13,D,12,D,,A,,A,,A,,A,,A,,A,,A,,A,,,A
20241,05561272,11,0,1,190,D,12,D,507,D,,A,,A,,A,,A,,A,,A,,A,,A,,,A
20241,05561272,12,0,2,190,D,11,D,175,D,,A,,A,,A,,A,,A,,A,,A,,A,,,A
20241,05561302,5,0,1,140,D,12,D,15,D,,A,,A,,A,,A,,A,,A,,A,,A,,,A
20241,05561352,6,0,1,110,D,12,D,60,D,,A,,A,,A,,A,,A,,A,,A,,A,,,A
20241,05561352,7,0,1,200,D,11,D,250,D,,A,,A,,A,,A,,A,,A,,A,,A,,,A
20241,05561352,8,0,1,190,D,11,D,40,D,,A,,A,,A,,A,,A,,A,,A,,A,,,A
20241,05561352,9,0,1,190,D,12,D,200,D,,A,,A,,A,,A,,A,,A,,A,,A,,,A
20241,05561582,2,0,1,220,D,01,D,50,D,,A,,A,,A,,A,,A,,A,,A,,A,,,A
20241,05563282,4,0,1,110,D,12,D,100,D,,A,,A,,A,,A,,A,,A,,A,,A,,,A
20241,05564982,3,0,1,190,D,02,D,110,D,,A,,A,,A,,A,,A,,A,,A,,A,,,A
20241,05565392,7,0,1,220,D,01,D,120,D,,A,,A,,A,,A,,A,,A,,A,,A,,,A
20241,05565442,9,0,1,190,D,02,D,85,D,,A,,A,,A,,A,,A,,A,,A,,A,,,A
20241,05565472,5,0,1,190,D,12,D,200,D,,A,,A,,A,,A,,A,,A,,A,,A,,,A
20241,05566572,7,0,1,190,D,12,D,110,D,,A,,A,,A,,A,,A,,A,,A,,A,,,A
20241,05566572,8,0,1,200,D,13,D,30,D,,A,,A,,A,,A,,A,,A,,A,,A,,,A
20241,05566702,9,0,1,200,D,13,D,145,D,,A,,A,,A,,A,,A,,A,,A,,A,,,A
20241,05567232,9,0,1,190,D,01,D,300,D,,A,,A,,A,,A,,A,,A,,A,,A,,,A
20241,05567232,10,0,1,190,D,01,D,95,D,,A,,A,,A,,A,,A,,A,,A,,A,,,A
20241,05567372,7,0,1,190,D,01,D,120,D,,A,,A,,A,,A,,A,,A,,A,,A,,,A
20241,05567882,8,0,1,190,D,13,D,130,D,,A,,A,,A,,A,,A,,A,,A,,A,,,A
20241,05567962,5,0,1,190,D,13,D,390,D,,A,,A,,A,,A,,A,,A,,A,,A,,,A
20241,05568072,6,0,1,200,D,01,D,325,D,,A,,A,,A,,A,,A,,A,,A,,A,,,A
20241,05568072,7,0,2,110,D,12,D,800,D,,A,,A,,A,,A,,A,,A,,A,,A,,2,A
20241,05568182,7,0,1,190,D,01,D,819,D,,A,,A,,A,,A,,A,,A,,A,,A,,,A
20241,05568572,8,0,1,110,D,01,D,175,D,,A,,A,,A,,A,,A,,A,,A,,A,,,A
20241,05568572,9,0,1,200,D,13,D,15,D,,A,,A,,A,,A,,A,,A,,A,,A,,,A
20241,05568862,6,0,1,190,D,13,D,55,D,,A,,A,,A,,A,,A,,A,,A,,A,,,A
20241,05568862,7,0,2,190,D,12,D,98,D,,A,,A,,A,,A,,A,,A,,A,,A,,,A
20241,05569332,10,0,1,190,D,13,D,5,D,,A,,A,,A,,A,,A,,A,,A,,A,,,A
20241,05569402,4,0,1,110,D,02,D,120,D,,A,,A,,A,,A,,A,,A,,A,,A,,,A
20241,05569782,2,0,1,200,D,13,D,155,D,,A,,A,,A,,A,,A,,A,,A,,A,,,A
20241,05569862,4,0,1,200,D,12,D,250,D,,A,,A,,A,,A,,A,,A,,A,,A,,,A
20241,05570132,13,0,1,190,D,01,D,90,D,,A,,A,,A,,A,,A,,A,,A,,A,,,A
20241,05570142,7,0,1,190,D,01,D,32,D,,A,,A,,A,,A,,A,,A,,A,,A,,,A
20241,05570282,3,0,1,190,D,01,D,68,D,,A,,A,,A,,A,,A,,A,,A,,A,,,A
20241,05570414,2,0,2,220,D,12,D,400,D,,A,,A,,A,,A,,A,,A,,A,,A,,,A
20241,05570842,5,0,1,115,D,02,D,,H,110,D,100,D,,A,,A,,A,,A,,A,,A,,,A
20241,05570842,5,1,1,110,D,02,D,176,E,,A,,A,,A,,A,,A,,A,,A,,A,,,A
20241,05570842,5,2,1,100,D,02,D,324,E,,A,,A,,A,,A,,A,,A,,A,,A,,,A
20241,05571072,5,0,1,110,D,01,D,108,D,,A,,A,,A,,A,,A,,A,,A,,A,,,A
20241,05571452,6,0,1,200,D,01,D,556,D,,A,,A,,A,,A,,A,,A,,A,,A,,,A
20241,05571482,17,0,1,190,D,01,D,79,D,,A,,A,,A,,A,,A,,A,,A,,A,,,A
20241,05571482,18,0,1,190,D,02,D,79,D,,A,,A,,A,,A,,A,,A,,A,,A,,,A
20241,05571812,7,0,1,190,D,01,D,125,D,,A,,A,,A,,A,,A,,A,,A,,A,,,A
20241,05572242,3,0,1,190,D,13,D,25,D,,A,,A,,A,,A,,A,,A,,A,,A,,,A
20241,05572302,4,0,1,200,D,01,D,296,D,,A,,A,,A,,A,,A,,A,,A,,A,,,A
20241,05572302,14,0,5,115,D,13,D,,H,100,D,110,D,,A,,A,,A,,A,,A,,A,,,A
20241,05572302,14,1,5,100,D,13,D,149,G,,A,,A,,A,,A,,A,,A,,A,,A,,,A
20241,05572302,14,2,5,110,D,13,D,80,G,,A,,A,,A,,A,,A,,A,,A,,A,,,A
20241,05572732,1,0,1,220,D,12,D,500,D,,A,,A,,A,,A,,A,,A,,A,,A,,,A
20241,05572732,6,0,1,200,D,02,D,256,D,,A,,A,,A,,A,,A,,A,,A,,A,,,A
20241,05572732,7,0,2,190,D,12,D,121,D,,A,,A,,A,,A,,A,,A,,A,,A,,,A
20241,05572762,3,0,1,190,D,13,D,14,D,,A,,A,,A,,A,,A,,A,,A,,A,,,A
20241,05572782,3,0,1,190,D,13,D,25,D,,A,,A,,A,,A,,A,,A,,A,,A,,,A
20241,05572982,5,0,1,100,D,02,D,100,D,,A,,A,,A,,A,,A,,A,,A,,A,,,A
20241,05573472,7,0,1,190,D,12,D,120,D,,A,,A,,A,,A,,A,,A,,A,,A,,,A
20241,05573881,7,0,1,190,D,10,D,120,D,,A,,A,,A,,A,,A,,A,,A,,A,,,A
20241,05574141,5,0,1,190,D,13,D,5,D,,A,,A,,A,,A,,A,,A,,A,,A,,,A
20241,05574481,5,0,1,190,D,10,D,65,D,,A,,A,,A,,A,,A,,A,,A,,A,,,A
20241,05574651,3,0,1,100,D,10,D,100,D,,A,,A,,A,,A,,A,,A,,A,,A,,,A
20241,05574671,3,0,1,130,D,13,D,100,D,,A,,A,,A,,A,,A,,A,,A,,A,,,A
20241,05574701,3,0,1,190,D,13,D,110,D,,A,,A,,A,,A,,A,,A,,A,,A,,,A
20241,05575441,5,0,1,150,D,10,D,300,D,,A,,A,,A,,A,,A,,A,,A,,A,,,A
20241,05575581,17,0,1,200,D,10,D,175,D,,A,,A,,A,,A,,A,,A,,A,,A,,,A
20241,05575661,9,0,1,200,D,11,D,80,D,,A,,A,,A,,A,,A,,A,,A,,A,,,A
20241,05575781,3,0,1,190,D,13,D,49,D,,A,,A,,A,,A,,A,,A,,A,,A,,,A
20241,05576161,4,0,1,190,D,13,D,45,D,,A,,A,,A,,A,,A,,A,,A,,A,,,A
20241,05576161,5,0,1,200,D,13,D,10,D,,A,,A,,A,,A,,A,,A,,A,,A,,,A
20241,05576211,8,0,1,190,D,13,D,38,D,,A,,A,,A,,A,,A,,A,,A,,A,,,A
20241,05576991,4,0,1,220,D,12,D,1000,D,,A,,A,,A,,A,,A,,A,,A,,A,,,A
20241,05577011,3,0,1,190,D,10,D,265,D,,A,,A,,A,,A,,A,,A,,A,,A,,,A
20241,05577411,4,0,1,190,D,13,D,45,D,,A,,A,,A,,A,,A,,A,,A,,A,,,A
20241,05577451,8,0,1,200,D,12,D,159,F,,A,,A,,A,,A,,A,,A,,A,,A,,,A
20241,05577561,4,0,1,190,D,13,D,55,D,,A,,A,,A,,A,,A,,A,,A,,A,,,A
20241,05577701,6,0,1,190,D,10,D,116,D,,A,,A,,A,,A,,A,,A,,A,,A,,,A
20241,05578331,9,0,1,190,D,10,D,214,D,,A,,A,,A,,A,,A,,A,,A,,A,,,A
20241,05579011,3,0,1,100,D,11,D,450,D,,A,,A,,A,,A,,A,,A,,A,,A,,,A
20241,05579321,3,0,1,190,D,10,D,121,D,,A,,A,,A,,A,,A,,A,,A,,A,,,A
20241,05579341,5,0,1,110,D,10,D,80,D,,A,,A,,A,,A,,A,,A,,A,,A,,1,A
20241,05579351,12,0,1,110,D,13,D,50,D,,A,,A,,A,,A,,A,,A,,A,,A,,,A
20241,05579601,12,0,1,110,D,10,D,50,D,,A,,A,,A,,A,,A,,A,,A,,A,,,A
20241,05579701,3,0,1,130,D,13,D,100,D,,A,,A,,A,,A,,A,,A,,A,,A,,,A
20241,05580131,9,0,1,110,D,12,D,160,D,,A,,A,,A,,A,,A,,A,,A,,A,,,A
20241,05580221,12,0,1,110,D,10,D,160,D,,A,,A,,A,,A,,A,,A,,A,,A,,2,A
20241,05580221,13,0,1,140,D,12,D,400,D,,A,,A,,A,,A,,A,,A,,A,,A,,,A
20241,05580331,2,0,1,190,D,13,D,75,D,,A,,A,,A,,A,,A,,A,,A,,A,,,A
20241,05580381,8,0,1,200,D,11,D,200,D,,A,,A,,A,,A,,A,,A,,A,,A,,,A
20241,05580781,7,0,1,220,D,12,D,30,D,,A,,A,,A,,A,,A,,A,,A,,A,,,A
20241,05580781,8,0,1,190,D,11,D,3000,D,,A,,A,,A,,A,,A,,A,,A,,A,,,A
20241,05580991,9,0,1,200,D,12,D,350,D,,A,,A,,A,,A,,A,,A,,A,,A,,,A
20241,05581851,8,0,1,190,D,10,D,180,D,,A,,A,,A,,A,,A,,A,,A,,A,,,A
20241,05582021,10,0,1,140,D,11,D,350,D,,A,,A,,A,,A,,A,,A,,A,,A,,,A
20241,05582021,11,0,1,190,D,13,D,27,D,,A,,A,,A,,A,,A,,A,,A,,A,,,A
20241,05582021,12,0,1,200,D,13,D,15,D,,A,,A,,A,,A,,A,,A,,A,,A,,,A
20241,05582091,2,0,1,190,D,13,D,110,D,,A,,A,,A,,A,,A,,A,,A,,A,,,A
20241,05582251,4,0,1,130,D,10,D,600,D,,A,,A,,A,,A,,A,,A,,A,,A,,2,A
20241,05582351,5,0,1,200,D,13,D,63,D,,A,,A,,A,,A,,A,,A,,A,,A,,,A
20241,05582491,8,0,1,110,D,11,D,150,D,,A,,A,,A,,A,,A,,A,,A,,A,,,A
20241,05583181,8,0,1,130,D,11,D,1000,D,,A,,A,,A,,A,,A,,A,,A,,A,,,A
20241,05583511,10,0,1,110,D,12,D,230,D,,A,,A,,A,,A,,A,,A,,A,,A,,,A
20241,05583861,3,0,1,190,D,13,D,100,D,,A,,A,,A,,A,,A,,A,,A,,A,,,A
20241,05584431,6,0,1,190,D,12,D,65,D,,A,,A,,A,,A,,A,,A,,A,,A,,,A
20241,05584601,16,0,1,110,D,10,D,200,D,,A,,A,,A,,A,,A,,A,,A,,A,,,A
20241,05585031,7,0,1,190,D,13,D,60,D,,A,,A,,A,,A,,A,,A,,A,,A,,,A
20241,05585281,8,0,1,190,D,11,D,100,D,,A,,A,,A,,A,,A,,A,,A,,A,,,A
20241,05585651,4,0,1,190,D,12,D,131,D,,A,,A,,A,,A,,A,,A,,A,,A,,,A
20241,05585651,5,0,1,190,D,11,D,131,D,,A,,A,,A,,A,,A,,A,,A,,A,,,A
20241,05586001,7,0,1,190,D,12,D,183,D,,A,,A,,A,,A,,A,,A,,A,,A,,,A
20241,05586011,3,0,1,190,D,12,D,100,D,,A,,A,,A,,A,,A,,A,,A,,A,,,A
20241,05586051,7,0,1,110,D,13,D,15,D,,A,,A,,A,,A,,A,,A,,A,,A,,,A
20241,05586331,3,0,1,100,D,12,D,900,D,,A,,A,,A,,A,,A,,A,,A,,A,,2,A
20241,05586411,10,0,1,190,D,11,D,102,D,,A,,A,,A,,A,,A,,A,,A,,A,,,A
20241,05586411,11,0,1,220,D,12,D,25,D,,A,,A,,A,,A,,A,,A,,A,,A,,,A
20241,05586541,7,0,1,200,D,01,D,149,D,,A,,A,,A,,A,,A,,A,,A,,A,,,A
20241,05586851,6,0,1,200,D,01,D,285,D,,A,,A,,A,,A,,A,,A,,A,,A,,,A
20241,05587381,6,0,1,110,D,13,D,75,D,,A,,A,,A,,A,,A,,A,,A,,A,,,A
20241,05587601,16,0,1,220,D,12,D,100,D,,A,,A,,A,,A,,A,,A,,A,,A,,,A
20241,05587981,4,0,1,220,D,11,D,30,D,,A,,A,,A,,A,,A,,A,,A,,A,,,A
20241,05588244,2,0,1,120,D,12,D,500,D,,A,,A,,A,,A,,A,,A,,A,,A,,,A
20241,05588621,3,0,1,190,D,12,D,129,D,,A,,A,,A,,A,,A,,A,,A,,A,,,A
20241,05588771,7,0,1,110,D,13,D,68,D,,A,,A,,A,,A,,A,,A,,A,,A,,3,A
20241,05588871,10,0,1,190,D,01,D,78,D,,A,,A,,A,,A,,A,,A,,A,,A,,,A
20241,05588901,4,0,1,190,D,11,D,139,F,,A,,A,,A,,A,,A,,A,,A,,A,,,A
20241,05589451,3,0,1,200,D,01,D,545,D,,A,,A,,A,,A,,A,,A,,A,,A,,,A
20241,05589481,7,0,1,220,D,11,D,422,D,,A,,A,,A,,A,,A,,A,,A,,A,,,A
20241,05589481,8,0,1,110,D,11,D,16,D,,A,,A,,A,,A,,A,,A,,A,,A,,,A
20241,05589481,9,0,1,190,D,12,D,160,D,,A,,A,,A,,A,,A,,A,,A,,A,,,A
20241,05589501,4,0,1,190,D,01,D,70,D,,A,,A,,A,,A,,A,,A,,A,,A,,,A
20241,05589951,7,0,1,190,D,13,D,14,D,,A,,A,,A,,A,,A,,A,,A,,A,,,A
20241,05589951,8,0,1,110,D,13,D,50,D,,A,,A,,A,,A,,A,,A,,A,,A,,,A
20241,05590051,10,0,1,170,D,13,D,40,D,,A,,A,,A,,A,,A,,A,,A,,A,,,A
20241,05590281,16,0,1,110,D,12,D,150,D,,A,,A,,A,,A,,A,,A,,A,,A,,,A
20241,05590281,17,0,1,220,D,13,D,125,F,,A,,A,,A,,A,,A,,A,,A,,A,,,A
20241,05590291,6,0,1,200,D,11,D,200,D,,A,,A,,A,,A,,A,,A,,A,,A,,,A
20241,05590321,5,0,1,190,D,13,D,100,D,,A,,A,,A,,A,,A,,A,,A,,A,,,A
20241,05590621,3,0,1,190,D,13,D,2,D,,A,,A,,A,,A,,A,,A,,A,,A,,,A
20241,05591171,5,0,1,100,D,12,D,350,D,,A,,A,,A,,A,,A,,A,,A,,A,,,A
20241,05591171,6,0,1,110,D,01,D,250,D,,A,,A,,A,,A,,A,,A,,A,,A,,,A
20241,05592041,5,0,1,200,D,12,D,164,D,,A,,A,,A,,A,,A,,A,,A,,A,,,A
20241,05592071,11,0,1,220,D,12,D,50,D,,A,,A,,A,,A,,A,,A,,A,,A,,,A
20241,05592071,12,0,1,220,D,12,D,50,D,,A,,A,,A,,A,,A,,A,,A,,A,,,A
20241,05592551,3,0,1,100,D,01,D,320,D,,A,,A,,A,,A,,A,,A,,A,,A,,,A
20241,05592921,5,0,1,190,D,13,D,52,D,,A,,A,,A,,A,,A,,A,,A,,A,,,A
20241,05593051,14,0,1,200,D,01,D,159,F,,A,,A,,A,,A,,A,,A,,A,,A,,,A
20241,05593071,7,0,1,200,D,11,D,50,D,,A,,A,,A,,A,,A,,A,,A,,A,,,A
20241,05593091,7,0,1,190,D,11,D,120,D,,A,,A,,A,,A,,A,,A,,A,,A,,,A
20241,05593251,7,0,1,110,D,13,D,50,D,,A,,A,,A,,A,,A,,A,,A,,A,,,A
20241,05593321,4,0,1,110,D,12,D,92,D,,A,,A,,A,,A,,A,,A,,A,,A,,,A
20241,05593321,5,0,1,200,D,13,D,18,D,,A,,A,,A,,A,,A,,A,,A,,A,,,A
20241,05593411,3,0,1,190,D,13,D,45,D,,A,,A,,A,,A,,A,,A,,A,,A,,,A
20241,05593411,4,0,1,110,D,13,D,59,D,,A,,A,,A,,A,,A,,A,,A,,A,,,A
20241,05593491,6,0,1,190,D,12,D,50,D,,A,,A,,A,,A,,A,,A,,A,,A,,,A
20241,05593651,6,0,1,190,D,13,D,40,D,,A,,A,,A,,A,,A,,A,,A,,A,,,A
20241,05594151,4,0,1,190,D,12,D,90,D,,A,,A,,A,,A,,A,,A,,A,,A,,,A
20241,05594221,4,0,1,110,D,13,D,65,D,,A,,A,,A,,A,,A,,A,,A,,A,,,A
20241,05594581,5,0,1,190,D,13,D,28,D,,A,,A,,A,,A,,A,,A,,A,,A,,,A
20241,05594881,4,0,1,200,D,13,D,60,D,,A,,A,,A,,A,,A,,A,,A,,A,,,A
20241,05594901,4,0,1,190,D,11,D,50,D,,A,,A,,A,,A,,A,,A,,A,,A,,,A
20241,05595081,3,0,1,190,D,13,D,45,D,,A,,A,,A,,A,,A,,A,,A,,A,,,A
20241,05595151,3,0,1,150,D,11,D,180,D,,A,,A,,A,,A,,A,,A,,A,,A,,,A
20241,05595151,4,0,1,110,D,11,D,60,D,,A,,A,,A,,A,,A,,A,,A,,A,,2,A
20241,05595981,7,0,1,130,D,01,D,50,D,,A,,A,,A,,A,,A,,A,,A,,A,,2,A
20241,05596071,3,0,1,110,D,11,D,160,D,,A,,A,,A,,A,,A,,A,,A,,A,,,A
20241,05596151,13,0,1,200,D,12,D,275,D,,A,,A,,A,,A,,A,,A,,A,,A,,,A
20241,05596221,10,0,1,220,D,12,D,450,D,,A,,A,,A,,A,,A,,A,,A,,A,,,A
20241,05596621,2,0,1,200,D,01,D,337,D,,A,,A,,A,,A,,A,,A,,A,,A,,,A
20241,05596951,8,0,1,220,D,02,D,60,D,,A,,A,,A,,A,,A,,A,,A,,A,,,A
20241,05597501,8,0,1,220,D,13,D,15,D,,A,,A,,A,,A,,A,,A,,A,,A,,,A
20241,05597611,9,0,1,190,D,13,D,10,D,,A,,A,,A,,A,,A,,A,,A,,A,,,A
20241,05598031,4,0,1,100,D,12,D,750,D,,A,,A,,A,,A,,A,,A,,A,,A,,,A
20241,05598101,4,0,1,190,D,01,D,50,D,,A,,A,,A,,A,,A,,A,,A,,A,,,A
20241,05598201,5,0,1,190,D,13,D,72,D,,A,,A,,A,,A,,A,,A,,A,,A,,,A
20241,05598251,2,0,1,190,D,13,D,100,D,,A,,A,,A,,A,,A,,A,,A,,A,,,A
20241,05598271,2,0,1,190,D,13,D,44,D,,A,,A,,A,,A,,A,,A,,A,,A,,,A
20241,05598411,10,0,1,220,D,13,D,150,D,,A,,A,,A,,A,,A,,A,,A,,A,,,A
20241,05598981,2,0,1,200,D,01,D,160,D,,A,,A,,A,,A,,A,,A,,A,,A,,,A
20241,05599241,2,0,1,200,D,13,D,55,D,,A,,A,,A,,A,,A,,A,,A,,A,,,A
20241,05599411,8,0,1,190,D,12,D,252,D,,A,,A,,A,,A,,A,,A,,A,,A,,,A
20241,05599421,4,0,1,110,D,13,D,70,D,,A,,A,,A,,A,,A,,A,,A,,A,,,A
20241,05599461,9,0,1,190,D,13,D,31,D,,A,,A,,A,,A,,A,,A,,A,,A,,,A
20241,05599461,10,0,1,130,D,12,D,1200,D,,A,,A,,A,,A,,A,,A,,A,,A,,,A
20241,05599541,2,0,1,110,D,02,D,38,D,,A,,A,,A,,A,,A,,A,,A,,A,,,A
20241,05599881,5,0,1,110,D,12,D,300,D,,A,,A,,A,,A,,A,,A,,A,,A,,1,A
20241,05600691,4,0,1,190,D,02,D,70,D,,A,,A,,A,,A,,A,,A,,A,,A,,,A
20241,05601491,3,0,1,200,D,12,D,75,D,,A,,A,,A,,A,,A,,A,,A,,A,,,A
20241,05601551,6,0,1,200,D,13,D,63,D,,A,,A,,A,,A,,A,,A,,A,,A,,,A
20241,05601551,7,0,1,190,D,12,D,99,D,,A,,A,,A,,A,,A,,A,,A,,A,,,A
20241,05601811,4,0,1,110,D,13,D,107,D,,A,,A,,A,,A,,A,,A,,A,,A,,,A
20241,05601811,5,0,1,190,D,01,D,169,D,,A,,A,,A,,A,,A,,A,,A,,A,,,A
20241,05601821,6,0,1,100,D,13,D,25,D,,A,,A,,A,,A,,A,,A,,A,,A,,,A
20241,05602011,5,0,1,110,D,02,D,230,D,,A,,A,,A,,A,,A,,A,,A,,A,,,A
20241,05602071,6,0,1,190,D,12,D,50,D,,A,,A,,A,,A,,A,,A,,A,,A,,,A
20241,05602071,7,0,1,200,D,01,D,90,D,,A,,A,,A,,A,,A,,A,,A,,A,,,A
20241,05602391,5,0,1,200,D,13,D,15,D,,A,,A,,A,,A,,A,,A,,A,,A,,,A
20241,05602391,6,0,1,190,D,13,D,45,D,,A,,A,,A,,A,,A,,A,,A,,A,,,A
20241,05602421,15,0,1,220,D,13,D,39,D,,A,,A,,A,,A,,A,,A,,A,,A,,,A
20241,05602421,16,0,1,190,D,01,D,89,D,,A,,A,,A,,A,,A,,A,,A,,A,,,A
20241,05602511,3,0,1,190,D,13,D,85,D,,A,,A,,A,,A,,A,,A,,A,,A,,,A
20241,05602671,4,0,1,190,D,01,D,255,D,,A,,A,,A,,A,,A,,A,,A,,A,,,A
20241,05602851,5,0,1,190,D,02,D,90,D,,A,,A,,A,,A,,A,,A,,A,,A,,,A
20241,05603081,10,0,1,190,D,01,D,100,D,,A,,A,,A,,A,,A,,A,,A,,A,,,A
20241,05603361,6,0,1,110,D,02,D,215,D,,A,,A,,A,,A,,A,,A,,A,,A,,,A
20241,05603431,10,0,1,190,D,01,D,75,D,,A,,A,,A,,A,,A,,A,,A,,A,,,A
20241,05603471,7,0,1,100,D,02,D,120,D,,A,,A,,A,,A,,A,,A,,A,,A,,,A
20241,05603691,2,0,1,190,D,01,D,120,D,,A,,A,,A,,A,,A,,A,,A,,A,,,A
20241,05603701,3,0,1,200,D,13,D,16,D,,A,,A,,A,,A,,A,,A,,A,,A,,,A
20241,05603991,3,0,1,130,D,02,D,240,D,,A,,A,,A,,A,,A,,A,,A,,A,,,A
20241,05603991,4,0,1,200,D,13,D,25,D,,A,,A,,A,,A,,A,,A,,A,,A,,,A
20241,05604201,11,0,1,110,D,01,D,100,D,,A,,A,,A,,A,,A,,A,,A,,A,,,A
20241,05604221,3,0,1,200,D,01,D,100,D,,A,,A,,A,,A,,A,,A,,A,,A,,,A
20241,05604671,3,0,1,200,D,12,D,300,D,,A,,A,,A,,A,,A,,A,,A,,A,,,A
20241,05604711,17,0,1,160,D,02,D,80,D,,A,,A,,A,,A,,A,,A,,A,,A,,,A
20241,05604761,5,0,1,140,D,12,D,172,D,,A,,A,,A,,A,,A,,A,,A,,A,,,A
20241,05604761,6,0,1,190,D,12,D,67,D,,A,,A,,A,,A,,A,,A,,A,,A,,,A
20241,05604841,7,0,1,200,D,13,D,33,D,,A,,A,,A,,A,,A,,A,,A,,A,,,A
20241,05605131,3,0,1,110,D,01,D,125,D,,A,,A,,A,,A,,A,,A,,A,,A,,,A
20241,05605141,5,0,1,190,D,13,D,32,D,,A,,A,,A,,A,,A,,A,,A,,A,,,A
20241,05605221,5,0,1,190,D,12,D,1400,D,,A,,A,,A,,A,,A,,A,,A,,A,,,A
20241,05605301,10,0,1,190,D,13,D,100,D,,A,,A,,A,,A,,A,,A,,A,,A,,,A
20241,05605301,11,0,1,190,D,01,D,150,D,,A,,A,,A,,A,,A,,A,,A,,A,,,A
20241,05605451,4,0,1,110,D,02,D,160,D,,A,,A,,A,,A,,A,,A,,A,,A,,,A
20241,05605881,3,0,1,120,D,12,D,200,D,,A,,A,,A,,A,,A,,A,,A,,A,,,A
20241,05606191,4,0,1,200,D,13,D,35,D,,A,,A,,A,,A,,A,,A,,A,,A,,,A
20241,05606381,11,0,1,115,D,13,D,,H,100,D,110,D,,A,,A,,A,,A,,A,,A,,,A
20241,05606381,11,1,1,100,D,13,D,31,E,,A,,A,,A,,A,,A,,A,,A,,A,,,A
20241,05606381,11,2,1,110,D,13,D,18,E,,A,,A,,A,,A,,A,,A,,A,,A,,,A
20241,05606481,4,0,1,110,D,01,D,150,D,,A,,A,,A,,A,,A,,A,,A,,A,,,A
20241,05606761,4,0,1,190,D,01,D,35,D,,A,,A,,A,,A,,A,,A,,A,,A,,,A
20241,05606891,5,0,1,110,D,02,D,200,D,,A,,A,,A,,A,,A,,A,,A,,A,,,A
20241,05607671,2,0,1,190,D,13,D,100,D,,A,,A,,A,,A,,A,,A,,A,,A,,,A
20241,05607671,3,0,1,200,D,12,D,149,D,,A,,A,,A,,A,,A,,A,,A,,A,,,A
20241,05607841,2,0,1,190,D,13,D,48,D,,A,,A,,A,,A,,A,,A,,A,,A,,,A
20241,05607901,5,0,1,100,D,02,D,120,D,,A,,A,,A,,A,,A,,A,,A,,A,,,A
20241,05607901,6,0,1,200,D,02,D,180,D,,A,,A,,A,,A,,A,,A,,A,,A,,,A
20241,05607951,7,0,1,190,D,12,D,74,D,,A,,A,,A,,A,,A,,A,,A,,A,,,A
20241,05607951,8,0,1,190,D,02,D,75,D,,A,,A,,A,,A,,A,,A,,A,,A,,,A
20241,05607951,9,0,1,200,D,12,D,90,D,,A,,A,,A,,A,,A,,A,,A,,A,,,A
20242,05412864,4,0,1,220,D,02,D,120,D,,A,,A,,A,,A,,A,,A,,A,,A,,,A
20242,05413064,5,0,1,220,D,01,D,59,D,,A,,A,,A,,A,,A,,A,,A,,A,,,A
20242,05413304,3,0,1,220,D,13,D,34,D,,A,,A,,A,,A,,A,,A,,A,,A,,,A
20242,05413454,10,0,1,130,D,03,D,275,D,,A,,A,,A,,A,,A,,A,,A,,A,,,A
20242,05414064,3,0,1,130,D,03,D,8,D,,A,,A,,A,,A,,A,,A,,A,,A,,,A
20242,05416224,11,0,1,220,D,13,D,10,D,,A,,A,,A,,A,,A,,A,,A,,A,,,A
20242,05417454,10,0,1,220,D,13,D,50,D,,A,,A,,A,,A,,A,,A,,A,,A,,,A
20242,05418164,6,0,1,220,D,03,D,124,D,,A,,A,,A,,A,,A,,A,,A,,A,,,A
20242,05418224,3,0,1,220,D,01,D,400,D,,A,,A,,A,,A,,A,,A,,A,,A,,,A
20242,05418314,6,0,1,170,D,03,D,16,D,,A,,A,,A,,A,,A,,A,,A,,A,,,A
20242,05419874,8,0,1,220,D,13,D,24,D,,A,,A,,A,,A,,A,,A,,A,,A,,,A
20242,05420854,3,0,1,170,D,01,D,100,D,,A,,A,,A,,A,,A,,A,,A,,A,,,A
20242,05421614,5,0,2,160,D,01,D,60,D,,A,,A,,A,,A,,A,,A,,A,,A,,,A
20242,05422944,6,0,1,220,D,01,D,64,D,,A,,A,,A,,A,,A,,A,,A,,A,,,A
20242,05423074,12,0,1,130,D,02,D,21,D,,A,,A,,A,,A,,A,,A,,A,,A,,,A
20242,05424034,10,0,1,140,D,02,D,150,D,,A,,A,,A,,A,,A,,A,,A,,A,,,A
20242,05425404,7,0,1,130,D,04,D,40,D,,A,,A,,A,,A,,A,,A,,A,,A,,,A
20242,05427564,5,0,1,120,D,03,D,300,D,,A,,A,,A,,A,,A,,A,,A,,A,,,A
20242,05430644,6,0,1,140,D,03,D,200,D,,A,,A,,A,,A,,A,,A,,A,,A,,,A
20242,05432174,6,0,1,220,D,13,D,4,D,,A,,A,,A,,A,,A,,A,,A,,A,,,A
20242,05433544,4,0,2,130,D,02,D,250,D,,A,,A,,A,,A,,A,,A,,A,,A,,,A
20242,05434444,20,0,5,220,D,13,D,14,D,,A,,A,,A,,A,,A,,A,,A,,A,,,A
20242,05434474,8,0,1,130,D,04,D,1085,D,,A,,A,,A,,A,,A,,A,,A,,A,,,A
20242,05434534,21,0,1,120,D,02,D,3500,D,,A,,A,,A,,A,,A,,A,,A,,A,,,A
20242,05434534,22,0,1,140,D,04,D,375,D,,A,,A,,A,,A,,A,,A,,A,,A,,,A
20242,05434924,6,0,1,220,D,03,D,100,D,,A,,A,,A,,A,,A,,A,,A,,A,,,A
20242,05436244,5,0,2,150,D,03,D,50,D,,A,,A,,A,,A,,A,,A,,A,,A,,,A
20242,05437384,19,0,1,170,D,04,D,154,F,,A,,A,,A,,A,,A,,A,,A,,A,,,A
20242,05438134,4,0,1,120,D,05,D,200,D,,A,,A,,A,,A,,A,,A,,A,,A,,,A
20242,05440894,6,0,1,130,D,05,D,95,D,,A,,A,,A,,A,,A,,A,,A,,A,,,A
20242,05441084,3,0,1,140,D,05,D,295,D,,A,,A,,A,,A,,A,,A,,A,,A,,,A
20242,05441324,5,0,1,130,D,13,D,264,D,,A,,A,,A,,A,,A,,A,,A,,A,,,A
20242,05443234,6,0,1,170,D,05,D,19,D,,A,,A,,A,,A,,A,,A,,A,,A,,,A
20242,05443544,15,0,1,220,D,13,D,39,D,,A,,A,,A,,A,,A,,A,,A,,A,,,A
20242,05443804,7,0,1,130,D,03,D,115,D,,A,,A,,A,,A,,A,,A,,A,,A,,,A
20242,05443804,8,0,1,140,D,03,D,191,D,,A,,A,,A,,A,,A,,A,,A,,A,,,A
20242,05444044,12,0,1,130,D,03,D,93,D,,A,,A,,A,,A,,A,,A,,A,,A,,,A
20242,05538993,13,0,1,120,D,01,D,343,F,,A,,A,,A,,A,,A,,A,,A,,A,,,A
20242,05538993,14,0,1,220,D,01,D,141,F,,A,,A,,A,,A,,A,,A,,A,,A,,,A
20242,05539633,7,0,1,220,D,01,D,199,D,,A,,A,,A,,A,,A,,A,,A,,A,,,A
20242,05540003,7,0,1,220,D,13,D,9,D,,A,,A,,A,,A,,A,,A,,A,,A,,,A
20242,05543013,3,0,1,130,D,03,D,70,D,,A,,A,,A,,A,,A,,A,,A,,A,,,A
20242,05546713,5,0,1,140,D,13,D,42,D,,A,,A,,A,,A,,A,,A,,A,,A,,,A
20242,05547703,3,0,1,150,D,03,D,5,D,,A,,A,,A,,A,,A,,A,,A,,A,,,A
20242,05548353,9,0,1,120,D,02,D,99,D,,A,,A,,A,,A,,A,,A,,A,,A,,,A
20242,05548733,12,0,2,220,D,01,D,50,D,,A,,A,,A,,A,,A,,A,,A,,A,,,A
20242,05548983,14,0,1,220,D,01,D,41,D,,A,,A,,A,,A,,A,,A,,A,,A,,,A
20242,05549693,12,0,1,220,D,03,D,200,D,,A,,A,,A,,A,,A,,A,,A,,A,,,A
20242,05549793,6,0,1,130,D,13,D,25,D,,A,,A,,A,,A,,A,,A,,A,,A,,,A
20242,05552493,6,0,1,130,D,03,D,50,D,,A,,A,,A,,A,,A,,A,,A,,A,,,A
20242,05555993,6,0,1,220,D,13,D,29,D,,A,,A,,A,,A,,A,,A,,A,,A,,,A
20242,05556173,42,0,5,220,D,13,D,14,D,,A,,A,,A,,A,,A,,A,,A,,A,,,A
20242,05556743,6,0,2,130,D,02,D,250,D,,A,,A,,A,,A,,A,,A,,A,,A,,,A
20242,05557393,5,0,1,220,D,04,D,198,D,,A,,A,,A,,A,,A,,A,,A,,A,,,A
20242,05557543,6,0,1,140,D,04,D,40,D,,A,,A,,A,,A,,A,,A,,A,,A,,,A
20242,05559093,3,0,1,130,D,02,D,230,D,,A,,A,,A,,A,,A,,A,,A,,A,,2,A
20242,05559533,5,0,2,130,D,02,D,59,D,,A,,A,,A,,A,,A,,A,,A,,A,,,A
20242,05559583,6,0,1,120,D,03,D,25,D,,A,,A,,A,,A,,A,,A,,A,,A,,,A
20242,05560953,9,0,2,150,D,02,D,160,D,,A,,A,,A,,A,,A,,A,,A,,A,,,A
20242,05564073,11,0,1,130,D,04,D,40,D,,A,,A,,A,,A,,A,,A,,A,,A,,,A
20242,05564433,9,0,1,170,D,03,D,150,D,,A,,A,,A,,A,,A,,A,,A,,A,,,A
20242,05564723,18,0,1,130,D,05,D,385,D,,A,,A,,A,,A,,A,,A,,A,,A,,,A
20242,05566383,4,0,1,220,D,13,D,15,D,,A,,A,,A,,A,,A,,A,,A,,A,,,A
20242,05566513,4,0,2,130,D,03,D,60,D,,A,,A,,A,,A,,A,,A,,A,,A,,,A
20242,05567933,9,0,1,220,D,05,D,75,D,,A,,A,,A,,A,,A,,A,,A,,A,,,A
20242,05568483,13,0,1,130,D,03,D,382,D,,A,,A,,A,,A,,A,,A,,A,,A,,,A
20242,05568483,14,0,1,170,D,05,D,20,D,,A,,A,,A,,A,,A,,A,,A,,A,,,A
20242,05568483,15,0,1,220,D,05,D,700,D,,A,,A,,A,,A,,A,,A,,A,,A,,,A
20242,05570963,5,0,1,220,D,13,D,25,D,,A,,A,,A,,A,,A,,A,,A,,A,,,A
20242,05572873,5,0,1,120,D,05,D,180,D,,A,,A,,A,,A,,A,,A,,A,,A,,,A
20242,05574642,11,0,2,140,D,01,D,208,D,,A,,A,,A,,A,,A,,A,,A,,A,,,A
20242,05575432,4,0,1,220,D,02,D,200,D,,A,,A,,A,,A,,A,,A,,A,,A,,,A
20242,05575572,3,0,1,130,D,03,D,500,D,,A,,A,,A,,A,,A,,A,,A,,A,,,A
20242,05581262,5,0,1,130,D,01,D,798,D,,A,,A,,A,,A,,A,,A,,A,,A,,,A
20242,05581262,6,0,1,130,D,02,D,297,D,,A,,A,,A,,A,,A,,A,,A,,A,,,A
20242,05581262,7,0,1,130,D,03,D,637,D,,A,,A,,A,,A,,A,,A,,A,,A,,,A
20242,05581652,3,0,1,220,D,13,D,13,D,,A,,A,,A,,A,,A,,A,,A,,A,,,A
20242,05582022,7,0,1,140,D,01,D,200,D,,A,,A,,A,,A,,A,,A,,A,,A,,,A
20242,05582322,7,0,1,140,D,02,D,250,D,,A,,A,,A,,A,,A,,A,,A,,A,,,A
20242,05582992,5,0,1,120,D,13,D,8,D,,A,,A,,A,,A,,A,,A,,A,,A,,,A
20242,05583942,9,0,1,120,D,02,D,343,F,,A,,A,,A,,A,,A,,A,,A,,A,,,A
20242,05585032,10,0,1,220,D,03,D,100,D,,A,,A,,A,,A,,A,,A,,A,,A,,,A
20242,05585692,5,0,1,120,D,02,D,200,D,,A,,A,,A,,A,,A,,A,,A,,A,,,A
20242,05585822,6,0,1,220,D,03,D,300,D,,A,,A,,A,,A,,A,,A,,A,,A,,,A
20242,05585822,7,0,1,220,D,04,D,375,D,,A,,A,,A,,A,,A,,A,,A,,A,,,A
20242,05587292,7,0,1,220,D,03,D,50,D,,A,,A,,A,,A,,A,,A,,A,,A,,,A
20242,05587452,8,0,1,130,D,04,D,180,D,,A,,A,,A,,A,,A,,A,,A,,A,,,A
20242,05590282,5,0,2,130,D,02,D,400,D,,A,,A,,A,,A,,A,,A,,A,,A,,,A
20242,05590422,4,0,1,170,D,03,D,200,D,,A,,A,,A,,A,,A,,A,,A,,A,,,A
20242,05591172,5,0,1,130,D,13,D,160,D,,A,,A,,A,,A,,A,,A,,A,,A,,3,A
20242,05595112,3,0,1,130,D,13,D,260,F,,A,,A,,A,,A,,A,,A,,A,,A,,,A
20242,05598692,6,0,1,220,D,13,D,22,D,,A,,A,,A,,A,,A,,A,,A,,A,,,A
20242,05599922,12,0,1,220,D,03,D,199,D,,A,,A,,A,,A,,A,,A,,A,,A,,,A
20242,05600992,9,0,1,220,D,05,D,125,D,,A,,A,,A,,A,,A,,A,,A,,A,,,A
20242,05601122,3,0,1,220,D,13,D,30,D,,A,,A,,A,,A,,A,,A,,A,,A,,,A
20242,05601232,4,0,1,220,D,05,D,110,D,,A,,A,,A,,A,,A,,A,,A,,A,,,A
20242,05602222,4,0,1,120,D,04,D,179,D,,A,,A,,A,,A,,A,,A,,A,,A,,,A
20242,05604782,6,0,1,220,D,04,D,69,D,,A,,A,,A,,A,,A,,A,,A,,A,,,A
20242,05604782,7,0,1,220,D,04,D,89,D,,A,,A,,A,,A,,A,,A,,A,,A,,,A
20242,05607902,9,0,1,140,D,04,D,250,D,,A,,A,,A,,A,,A,,A,,A,,A,,,A
20242,05655261,15,0,1,150,D,03,D,45,F,,A,,A,,A,,A,,A,,A,,A,,A,,,A
20242,05655271,4,0,1,130,D,13,D,200,D,,A,,A,,A,,A,,A,,A,,A,,A,,,A
20242,05659071,8,0,1,170,D,02,D,800,D,,A,,A,,A,,A,,A,,A,,A,,A,,,A
20242,05659531,12,0,1,120,D,03,D,25,D,,A,,A,,A,,A,,A,,A,,A,,A,,,A
20242,05660261,10,0,1,170,D,03,D,120,D,,A,,A,,A,,A,,A,,A,,A,,A,,,A
20242,05660361,4,0,1,220,D,03,D,458,D,,A,,A,,A,,A,,A,,A,,A,,A,,,A
20242,05661801,5,0,1,220,D,03,D,70,D,,A,,A,,A,,A,,A,,A,,A,,A,,,A
20242,05663631,7,0,1,130,D,03,D,140,D,,A,,A,,A,,A,,A,,A,,A,,A,,,A
20242,05664011,16,0,1,220,D,03,D,185,D,,A,,A,,A,,A,,A,,A,,A,,A,,,A
20242,05664641,3,0,1,220,D,01,D,30,D,,A,,A,,A,,A,,A,,A,,A,,A,,,A
20242,05665221,6,0,1,140,D,03,D,60,D,,A,,A,,A,,A,,A,,A,,A,,A,,,A
20242,05665401,4,0,1,170,D,03,D,160,D,,A,,A,,A,,A,,A,,A,,A,,A,,,A
20242,05665931,4,0,1,130,D,13,D,30,D,,A,,A,,A,,A,,A,,A,,A,,A,,,A
20242,05668341,9,0,1,130,D,03,D,380,D,,A,,A,,A,,A,,A,,A,,A,,A,,,A
20242,05668891,7,0,1,220,D,13,D,30,D,,A,,A,,A,,A,,A,,A,,A,,A,,,A
20242,05668951,11,0,1,220,D,04,D,100,D,,A,,A,,A,,A,,A,,A,,A,,A,,,A
20242,05670071,9,0,1,220,D,03,D,69,D,,A,,A,,A,,A,,A,,A,,A,,A,,,A
20242,05670131,9,0,1,220,D,13,D,17,D,,A,,A,,A,,A,,A,,A,,A,,A,,,A
20242,05670461,6,0,1,130,D,04,D,85,D,,A,,A,,A,,A,,A,,A,,A,,A,,,A
20242,05672101,4,0,1,120,D,02,D,50,D,,A,,A,,A,,A,,A,,A,,A,,A,,,A
20242,05672911,5,0,1,120,D,03,D,500,D,,A,,A,,A,,A,,A,,A,,A,,A,,,A
20242,05674741,8,0,1,220,D,13,D,100,D,,A,,A,,A,,A,,A,,A,,A,,A,,,A
20242,05676451,7,0,1,220,D,02,D,600,D,,A,,A,,A,,A,,A,,A,,A,,A,,,A
20242,05676571,9,0,1,130,D,04,D,97,D,,A,,A,,A,,A,,A,,A,,A,,A,,1,A
20242,05676621,6,0,1,140,D,03,D,200,D,,A,,A,,A,,A,,A,,A,,A,,A,,,A
20242,05678373,5,0,1,210,D,05,D,,H,210,D,130,D,,A,,A,,A,,A,,A,,A,,,A
20242,05678373,5,1,1,120,D,05,D,158,E,,A,,A,,A,,A,,A,,A,,A,,A,,,A
20242,05678373,5,2,1,130,D,05,D,175,E,,A,,A,,A,,A,,A,,A,,A,,A,,,A
20242,05678871,11,0,1,220,D,05,D,250,D,,A,,A,,A,,A,,A,,A,,A,,A,,,A
20242,05679421,4,0,1,220,D,04,D,500,D,,A,,A,,A,,A,,A,,A,,A,,A,,,A
20242,05680181,3,0,1,130,D,13,D,320,D,,A,,A,,A,,A,,A,,A,,A,,A,,,A
20242,05682154,6,0,1,220,D,04,D,99,D,,A,,A,,A,,A,,A,,A,,A,,A,,,A
20242,05682881,9,0,1,220,D,05,D,185,D,,A,,A,,A,,A,,A,,A,,A,,A,,,A
20242,05683021,14,0,1,220,D,13,D,8,D,,A,,A,,A,,A,,A,,A,,A,,A,,,A
20242,05683021,15,0,1,220,D,13,D,8,D,,A,,A,,A,,A,,A,,A,,A,,A,,,A
20242,05683061,5,0,1,220,D,05,D,180,D,,A,,A,,A,,A,,A,,A,,A,,A,,,A
20242,05685641,5,0,1,130,D,04,D,800,D,,A,,A,,A,,A,,A,,A,,A,,A,,,A
20242,05686011,13,0,1,220,D,03,D,190,D,,A,,A,,A,,A,,A,,A,,A,,A,,,A
20242,05686931,11,0,1,120,D,04,D,79,D,,A,,A,,A,,A,,A,,A,,A,,A,,,A
20242,05686931,12,0,1,220,D,04,D,129,D,,A,,A,,A,,A,,A,,A,,A,,A,,,A
20242,05687961,16,0,1,130,D,05,D,108,D,,A,,A,,A,,A,,A,,A,,A,,A,,,A
20242,05688031,10,0,1,220,D,05,D,130,D,,A,,A,,A,,A,,A,,A,,A,,A,,,A
20242,05688191,17,0,1,140,D,05,D,120,D,,A,,A,,A,,A,,A,,A,,A,,A,,,A
20242,05688831,10,0,1,130,D,05,D,10,D,,A,,A,,A,,A,,A,,A,,A,,A,,,A
20243,05538544,4,0,1,220,D,06,D,190,D,,A,,A,,A,,A,,A,,A,,A,,A,,,A
20243,05539934,8,0,1,150,D,06,D,109,D,,A,,A,,A,,A,,A,,A,,A,,A,,,A
20243,05543384,5,0,1,220,D,04,D,90,D,,A,,A,,A,,A,,A,,A,,A,,A,,,A
20243,05543464,3,0,1,140,D,13,D,42,D,,A,,A,,A,,A,,A,,A,,A,,A,,,A
20243,05546714,6,0,1,140,D,13,D,42,D,,A,,A,,A,,A,,A,,A,,A,,A,,,A
20243,05546824,8,0,1,130,D,06,D,90,D,,A,,A,,A,,A,,A,,A,,A,,A,,,A
20243,05546874,6,0,1,130,D,06,D,122,D,,A,,A,,A,,A,,A,,A,,A,,A,,,A
20243,05549254,10,0,1,120,D,05,D,275,D,,A,,A,,A,,A,,A,,A,,A,,A,,,A
20243,05550654,6,0,1,220,D,07,D,42,D,,A,,A,,A,,A,,A,,A,,A,,A,,,A
20243,05551784,9,0,1,220,D,06,D,150,D,,A,,A,,A,,A,,A,,A,,A,,A,,,A
20243,05551784,10,0,1,220,D,07,D,100,D,,A,,A,,A,,A,,A,,A,,A,,A,,,A
20243,05552944,11,0,1,220,D,06,D,99,D,,A,,A,,A,,A,,A,,A,,A,,A,,,A
20243,05553034,7,0,1,150,D,07,D,53,D,,A,,A,,A,,A,,A,,A,,A,,A,,,A
20243,05553304,7,0,2,130,D,05,D,200,D,,A,,A,,A,,A,,A,,A,,A,,A,,,A
20243,05554344,6,0,1,130,D,07,D,60,D,,A,,A,,A,,A,,A,,A,,A,,A,,,A
20243,05555794,6,0,1,170,D,07,D,800,D,,A,,A,,A,,A,,A,,A,,A,,A,,,A
20243,05555994,13,0,1,220,D,13,D,29,D,,A,,A,,A,,A,,A,,A,,A,,A,,,A
20243,05556174,12,0,1,220,D,06,D,240,D,,A,,A,,A,,A,,A,,A,,A,,A,,,A
20243,05556174,43,0,5,220,D,13,D,14,D,,A,,A,,A,,A,,A,,A,,A,,A,,,A
20243,05556774,11,0,1,130,D,06,D,318,D,,A,,A,,A,,A,,A,,A,,A,,A,,,A
20243,05558604,3,0,1,130,D,07,D,15,D,,A,,A,,A,,A,,A,,A,,A,,A,,,A
20243,05558624,6,0,1,220,D,05,D,424,D,,A,,A,,A,,A,,A,,A,,A,,A,,,A
20243,05561094,4,0,2,170,D,05,D,120,D,,A,,A,,A,,A,,A,,A,,A,,A,,,A
20243,05563444,4,0,1,220,D,07,D,350,D,,A,,A,,A,,A,,A,,A,,A,,A,,,A
20243,05564074,7,0,1,130,D,07,D,30,D,,A,,A,,A,,A,,A,,A,,A,,A,,,A
20243,05564984,7,0,1,130,D,07,D,150,D,,A,,A,,A,,A,,A,,A,,A,,A,,,A
20243,05565204,5,0,1,170,D,08,D,75,D,,A,,A,,A,,A,,A,,A,,A,,A,,,A
20243,05566024,8,0,1,220,D,06,D,235,D,,A,,A,,A,,A,,A,,A,,A,,A,,,A
20243,05566024,9,0,1,220,D,07,D,90,D,,A,,A,,A,,A,,A,,A,,A,,A,,,A
20243,05566024,10,0,1,220,D,08,D,200,D,,A,,A,,A,,A,,A,,A,,A,,A,,,A
20243,05566684,5,0,1,220,D,06,D,50,D,,A,,A,,A,,A,,A,,A,,A,,A,,,A
20243,05568074,9,0,1,130,D,08,D,24,D,,A,,A,,A,,A,,A,,A,,A,,A,,,A
20243,05568484,11,0,1,120,D,08,D,110,D,,A,,A,,A,,A,,A,,A,,A,,A,,,A
20243,05568484,12,0,1,150,D,08,D,16,D,,A,,A,,A,,A,,A,,A,,A,,A,,,A
20243,05569844,3,0,1,120,D,08,D,20,D,,A,,A,,A,,A,,A,,A,,A,,A,,,A
20243,05572254,5,0,1,130,D,07,D,50,D,,A,,A,,A,,A,,A,,A,,A,,A,,,A
20243,05572574,3,0,1,130,D,08,D,75,D,,A,,A,,A,,A,,A,,A,,A,,A,,,A
20243,05573484,9,0,1,170,D,08,D,200,D,,A,,A,,A,,A,,A,,A,,A,,A,,,A
20243,05573763,7,0,2,130,D,04,D,200,D,,A,,A,,A,,A,,A,,A,,A,,A,,,A
20243,05574213,3,0,1,130,D,05,D,276,D,,A,,A,,A,,A,,A,,A,,A,,A,,,A
20243,05574873,14,0,1,220,D,04,D,500,D,,A,,A,,A,,A,,A,,A,,A,,A,,,A
20243,05575663,12,0,1,160,D,04,D,130,D,,A,,A,,A,,A,,A,,A,,A,,A,,,A
20243,05575663,13,0,1,130,D,06,D,25,D,,A,,A,,A,,A,,A,,A,,A,,A,,,A
20243,05576303,12,0,1,220,D,05,D,60,D,,A,,A,,A,,A,,A,,A,,A,,A,,,A
20243,05576303,13,0,1,220,D,06,D,60,D,,A,,A,,A,,A,,A,,A,,A,,A,,,A
20243,05578063,6,0,1,130,D,06,D,202,F,,A,,A,,A,,A,,A,,A,,A,,A,,,A
20243,05578373,14,0,1,170,D,06,D,40,D,,A,,A,,A,,A,,A,,A,,A,,A,,,A
20243,05578873,10,0,1,120,D,06,D,30,D,,A,,A,,A,,A,,A,,A,,A,,A,,,A
20243,05581773,4,0,1,130,D,06,D,60,D,,A,,A,,A,,A,,A,,A,,A,,A,,,A
20243,05582023,8,0,1,140,D,06,D,200,D,,A,,A,,A,,A,,A,,A,,A,,A,,,A
20243,05582323,5,0,1,140,D,04,D,199,D,,A,,A,,A,,A,,A,,A,,A,,A,,,A
20243,05582993,4,0,1,220,D,13,D,8,D,,A,,A,,A,,A,,A,,A,,A,,A,,,A
20243,05584243,11,0,2,140,D,04,D,150,D,,A,,A,,A,,A,,A,,A,,A,,A,,,A
20243,05584683,13,0,1,220,D,13,D,10,D,,A,,A,,A,,A,,A,,A,,A,,A,,,A
20243,05586543,11,0,2,220,D,05,D,60,D,,A,,A,,A,,A,,A,,A,,A,,A,,,A
20243,05587753,9,0,1,220,D,13,D,10,D,,A,,A,,A,,A,,A,,A,,A,,A,,,A
20243,05589153,10,0,2,130,D,05,D,250,D,,A,,A,,A,,A,,A,,A,,A,,A,,,A
20243,05589413,8,0,1,170,D,07,D,175,D,,A,,A,,A,,A,,A,,A,,A,,A,,,A
20243,05590323,6,0,2,130,D,05,D,20,D,,A,,A,,A,,A,,A,,A,,A,,A,,,A
20243,05590863,6,0,1,220,D,05,D,80,D,,A,,A,,A,,A,,A,,A,,A,,A,,,A
20243,05591313,11,0,1,120,D,13,D,10,D,,A,,A,,A,,A,,A,,A,,A,,A,,,A
20243,05592613,4,0,1,130,D,06,D,900,D,,A,,A,,A,,A,,A,,A,,A,,A,,,A
20243,05593053,21,0,1,220,D,06,D,50,D,,A,,A,,A,,A,,A,,A,,A,,A,,,A
20243,05597213,8,0,1,140,D,08,D,145,D,,A,,A,,A,,A,,A,,A,,A,,A,,,A
20243,05598133,3,0,1,170,D,06,D,200,D,,A,,A,,A,,A,,A,,A,,A,,A,,,A
20243,05598233,5,0,2,130,D,06,D,200,D,,A,,A,,A,,A,,A,,A,,A,,A,,,A
20243,05598303,2,0,1,140,D,08,D,100,D,,A,,A,,A,,A,,A,,A,,A,,A,,,A
20243,05599463,7,0,1,220,D,06,D,129,D,,A,,A,,A,,A,,A,,A,,A,,A,,,A
20243,05599853,9,0,1,130,D,08,D,72,D,,A,,A,,A,,A,,A,,A,,A,,A,,,A
20243,05599853,10,0,1,130,D,08,D,958,D,,A,,A,,A,,A,,A,,A,,A,,A,,,A
20243,05599973,8,0,1,220,D,13,D,6,D,,A,,A,,A,,A,,A,,A,,A,,A,,,A
20243,05601333,7,0,1,220,D,08,D,100,D,,A,,A,,A,,A,,A,,A,,A,,A,,,A
20243,05602393,9,0,1,130,D,13,D,14,D,,A,,A,,A,,A,,A,,A,,A,,A,,,A
20243,05602423,11,0,1,220,D,07,D,97,D,,A,,A,,A,,A,,A,,A,,A,,A,,,A
20243,05603643,9,0,1,130,D,08,D,100,D,,A,,A,,A,,A,,A,,A,,A,,A,,,A
20243,05604113,5,0,1,130,D,08,D,225,D,,A,,A,,A,,A,,A,,A,,A,,A,,,A
20243,05605193,5,0,1,170,D,08,D,199,D,,A,,A,,A,,A,,A,,A,,A,,A,,,A
20243,05606283,13,0,1,130,D,06,D,1133,D,,A,,A,,A,,A,,A,,A,,A,,A,,,A
20243,05607043,15,0,1,130,D,07,D,45,D,,A,,A,,A,,A,,A,,A,,A,,A,,,A
20243,05654672,4,0,1,130,D,05,D,250,D,,A,,A,,A,,A,,A,,A,,A,,A,,,A
20243,05655572,7,0,1,220,D,13,D,59,D,,A,,A,,A,,A,,A,,A,,A,,A,,,A
20243,05657132,8,0,1,130,D,04,D,125,D,,A,,A,,A,,A,,A,,A,,A,,A,,,A
20243,05657182,12,0,1,150,D,05,D,51,D,,A,,A,,A,,A,,A,,A,,A,,A,,,A
20243,05658432,3,0,1,130,D,06,D,360,D,,A,,A,,A,,A,,A,,A,,A,,A,,,A
20243,05659622,7,0,1,130,D,05,D,100,D,,A,,A,,A,,A,,A,,A,,A,,A,,,A
20243,05661152,8,0,1,130,D,06,D,80,D,,A,,A,,A,,A,,A,,A,,A,,A,,,A
20243,05661422,6,0,2,130,D,04,D,160,D,,A,,A,,A,,A,,A,,A,,A,,A,,,A
20243,05661532,8,0,1,220,D,06,D,200,D,,A,,A,,A,,A,,A,,A,,A,,A,,,A
20243,05662492,12,0,1,220,D,05,D,159,D,,A,,A,,A,,A,,A,,A,,A,,A,,,A
20243,05662492,13,0,1,220,D,05,D,298,D,,A,,A,,A,,A,,A,,A,,A,,A,,,A
20243,05663632,3,0,2,130,D,04,D,140,D,,A,,A,,A,,A,,A,,A,,A,,A,,,A
20243,05664822,6,0,1,220,D,13,D,23,D,,A,,A,,A,,A,,A,,A,,A,,A,,,A
20243,05666903,7,0,2,120,D,05,D,9,D,,A,,A,,A,,A,,A,,A,,A,,A,,,A
20243,05667482,14,0,2,220,D,05,D,160,D,,A,,A,,A,,A,,A,,A,,A,,A,,,A
20243,05668892,13,0,1,220,D,13,D,30,D,,A,,A,,A,,A,,A,,A,,A,,A,,,A
20243,05669902,15,0,1,220,D,05,D,31,D,,A,,A,,A,,A,,A,,A,,A,,A,,,A
20243,05669902,16,0,1,220,D,06,D,405,D,,A,,A,,A,,A,,A,,A,,A,,A,,,A
20243,05669902,17,0,1,220,D,07,D,106,D,,A,,A,,A,,A,,A,,A,,A,,A,,,A
20243,05669902,18,0,1,220,D,07,D,32,D,,A,,A,,A,,A,,A,,A,,A,,A,,,A
20243,05669902,19,0,1,130,D,05,D,65,D,,A,,A,,A,,A,,A,,A,,A,,A,,,A
20243,05670132,5,0,1,120,D,13,D,17,D,,A,,A,,A,,A,,A,,A,,A,,A,,,A
20243,05670262,4,0,1,130,D,05,D,60,D,,A,,A,,A,,A,,A,,A,,A,,A,,,A
20243,05670472,4,0,1,150,D,07,D,180,D,,A,,A,,A,,A,,A,,A,,A,,A,,,A
20243,05673232,4,0,1,220,D,06,D,70,D,,A,,A,,A,,A,,A,,A,,A,,A,,,A
20243,05674742,19,0,1,220,D,06,D,45,D,,A,,A,,A,,A,,A,,A,,A,,A,,,A
20243,05674742,20,0,1,220,D,07,D,45,D,,A,,A,,A,,A,,A,,A,,A,,A,,,A
20243,05675962,10,0,1,170,D,05,D,125,D,,A,,A,,A,,A,,A,,A,,A,,A,,,A
20243,05676914,7,0,1,120,D,05,D,3,D,,A,,A,,A,,A,,A,,A,,A,,A,,,A
20243,05676942,10,0,1,130,D,07,D,300,D,,A,,A,,A,,A,,A,,A,,A,,A,,,A
20243,05677352,16,0,1,220,D,07,D,80,D,,A,,A,,A,,A,,A,,A,,A,,A,,,A
20243,05677512,16,0,1,130,D,05,D,75,D,,A,,A,,A,,A,,A,,A,,A,,A,,,A
20243,05677512,17,0,1,130,D,06,D,135,D,,A,,A,,A,,A,,A,,A,,A,,A,,,A
20243,05680492,26,0,1,150,D,13,D,11,D,,A,,A,,A,,A,,A,,A,,A,,A,,,A
20243,05680492,27,0,1,150,D,13,D,11,D,,A,,A,,A,,A,,A,,A,,A,,A,,,A
20243,05680692,9,0,1,130,D,08,D,103,D,,A,,A,,A,,A,,A,,A,,A,,A,,,A
20243,05680922,13,0,1,220,D,07,D,160,D,,A,,A,,A,,A,,A,,A,,A,,A,,,A
20243,05683032,15,0,1,220,D,06,D,125,D,,A,,A,,A,,A,,A,,A,,A,,A,,,A
20243,05683052,15,0,1,130,D,07,D,202,F,,A,,A,,A,,A,,A,,A,,A,,A,,,A
20243,05683602,14,0,1,220,D,13,D,8,D,,A,,A,,A,,A,,A,,A,,A,,A,,,A
20243,05684112,7,0,1,130,D,08,D,106,D,,A,,A,,A,,A,,A,,A,,A,,A,,,A
20243,05684462,6,0,1,120,D,06,D,200,D,,A,,A,,A,,A,,A,,A,,A,,A,,,A
20243,05686592,9,0,1,130,D,08,D,20,D,,A,,A,,A,,A,,A,,A,,A,,A,,,A
20243,05686932,14,0,2,220,D,06,D,179,D,,A,,A,,A,,A,,A,,A,,A,,A,,,A
20243,05688832,12,0,1,170,D,07,D,120,D,,A,,A,,A,,A,,A,,A,,A,,A,,,A
20243,05795531,4,0,1,220,D,06,D,200,D,,A,,A,,A,,A,,A,,A,,A,,A,,,A
20243,05798301,19,0,1,140,D,04,D,250,D,,A,,A,,A,,A,,A,,A,,A,,A,,,A
20243,05799071,10,0,1,120,D,04,D,20,D,,A,,A,,A,,A,,A,,A,,A,,A,,,A
20243,05799331,5,0,1,220,D,13,D,14,D,,A,,A,,A,,A,,A,,A,,A,,A,,,A
20243,05799971,10,0,1,220,D,04,D,200,D,,A,,A,,A,,A,,A,,A,,A,,A,,,A
20243,05800651,13,0,1,140,D,06,D,214,D,,A,,A,,A,,A,,A,,A,,A,,A,,,A
20243,05800761,21,0,1,220,D,06,D,1440,D,,A,,A,,A,,A,,A,,A,,A,,A,,,A
20243,05801331,10,0,1,220,D,06,D,200,D,,A,,A,,A,,A,,A,,A,,A,,A,,,A
20243,05801681,6,0,1,130,D,06,D,180,D,,A,,A,,A,,A,,A,,A,,A,,A,,,A
20243,05804621,10,0,1,120,D,05,D,60,D,,A,,A,,A,,A,,A,,A,,A,,A,,,A
20243,05805301,6,0,1,130,D,13,D,120,D,,A,,A,,A,,A,,A,,A,,A,,A,,,A
20243,05805411,7,0,1,220,D,13,D,15,D,,A,,A,,A,,A,,A,,A,,A,,A,,,A
20243,05805421,10,0,1,120,D,13,D,250,D,,A,,A,,A,,A,,A,,A,,A,,A,,,A
20243,05806541,5,0,1,170,D,06,D,150,D,,A,,A,,A,,A,,A,,A,,A,,A,,,A
20243,05806741,11,0,1,220,D,13,D,20,D,,A,,A,,A,,A,,A,,A,,A,,A,,,A
20243,05807241,17,0,1,170,D,05,D,120,D,,A,,A,,A,,A,,A,,A,,A,,A,,,A
20243,05807333,4,0,1,120,D,05,D,50,D,,A,,A,,A,,A,,A,,A,,A,,A,,,A
20243,05807371,4,0,1,220,D,13,D,16,D,,A,,A,,A,,A,,A,,A,,A,,A,,,A
20243,05809401,7,0,1,220,D,05,D,79,D,,A,,A,,A,,A,,A,,A,,A,,A,,,A
20243,05809861,5,0,1,220,D,07,D,120,D,,A,,A,,A,,A,,A,,A,,A,,A,,,A
20243,05810171,5,0,1,170,D,05,D,60,D,,A,,A,,A,,A,,A,,A,,A,,A,,,A
20243,05811721,5,0,1,220,D,13,D,20,D,,A,,A,,A,,A,,A,,A,,A,,A,,,A
20243,05812571,3,0,1,120,D,13,D,10,D,,A,,A,,A,,A,,A,,A,,A,,A,,,A
20243,05813272,3,0,1,210,D,13,D,,H,120,D,130,D,,A,,A,,A,,A,,A,,A,,,A
20243,05813272,3,1,1,120,D,13,D,9,E,,A,,A,,A,,A,,A,,A,,A,,A,,,A
20243,05813272,3,2,1,130,D,13,D,41,E,,A,,A,,A,,A,,A,,A,,A,,A,,,A
20243,05813272,4,0,1,120,D,13,D,50,D,,A,,A,,A,,A,,A,,A,,A,,A,,,A
20243,05813291,6,0,1,220,D,13,D,30,D,,A,,A,,A,,A,,A,,A,,A,,A,,,A
20243,05813831,10,0,1,120,D,07,D,75,F,,A,,A,,A,,A,,A,,A,,A,,A,,,A
20243,05813831,11,0,1,150,D,07,D,7,D,,A,,A,,A,,A,,A,,A,,A,,A,,,A
20243,05813991,6,0,1,130,D,07,D,750,D,,A,,A,,A,,A,,A,,A,,A,,A,,,A
20243,05815731,12,0,1,220,D,07,D,200,D,,A,,A,,A,,A,,A,,A,,A,,A,,,A
20243,05818671,6,0,1,220,D,13,D,15,D,,A,,A,,A,,A,,A,,A,,A,,A,,,A
20243,05819291,14,0,1,220,D,07,D,135,D,,A,,A,,A,,A,,A,,A,,A,,A,,,A
20243,05819471,6,0,1,170,D,06,D,100,D,,A,,A,,A,,A,,A,,A,,A,,A,,,A
20243,05820661,9,0,1,130,D,06,D,100,D,,A,,A,,A,,A,,A,,A,,A,,A,,,A
20243,05821511,8,0,1,220,D,06,D,80,D,,A,,A,,A,,A,,A,,A,,A,,A,,,A
20243,05821841,6,0,1,130,D,07,D,750,D,,A,,A,,A,,A,,A,,A,,A,,A,,,A
20243,05822331,5,0,1,220,D,06,D,193,D,,A,,A,,A,,A,,A,,A,,A,,A,,,A
20243,05822741,3,0,1,220,D,07,D,114,D,,A,,A,,A,,A,,A,,A,,A,,A,,,A
20243,05822941,8,0,1,120,D,13,D,26,D,,A,,A,,A,,A,,A,,A,,A,,A,,,A
20243,05823561,7,0,1,130,D,06,D,400,D,,A,,A,,A,,A,,A,,A,,A,,A,,,A
20243,05823751,9,0,1,140,D,08,D,250,D,,A,,A,,A,,A,,A,,A,,A,,A,,,A
20243,05824031,12,0,1,220,D,07,D,150,D,,A,,A,,A,,A,,A,,A,,A,,A,,,A
20243,05824571,12,0,1,170,D,06,D,40,D,,A,,A,,A,,A,,A,,A,,A,,A,,,A
20243,05825401,12,0,1,170,D,06,D,80,D,,A,,A,,A,,A,,A,,A,,A,,A,,,A
20243,05827001,10,0,1,220,D,13,D,12,D,,A,,A,,A,,A,,A,,A,,A,,A,,,A
20243,05827591,11,0,1,220,D,13,D,17,D,,A,,A,,A,,A,,A,,A,,A,,A,,,A
20243,05827621,5,0,1,220,D,13,D,8,D,,A,,A,,A,,A,,A,,A,,A,,A,,,A
20244,05574934,6,0,1,130,D,08,D,25,D,,A,,A,,A,,A,,A,,A,,A,,A,,,A
20244,05574934,7,0,1,170,D,07,D,16,D,,A,,A,,A,,A,,A,,A,,A,,A,,,A
20244,05576414,4,0,1,130,D,08,D,344,D,,A,,A,,A,,A,,A,,A,,A,,A,,,A
20244,05578684,6,0,1,130,D,07,D,80,D,,A,,A,,A,,A,,A,,A,,A,,A,,,A
20244,05578974,4,0,1,120,D,09,D,700,D,,A,,A,,A,,A,,A,,A,,A,,A,,,A
20244,05579304,4,0,1,140,D,09,D,214,D,,A,,A,,A,,A,,A,,A,,A,,A,,,A
20244,05581794,4,0,1,220,D,08,D,250,D,,A,,A,,A,,A,,A,,A,,A,,A,,,A
20244,05582024,12,0,1,140,D,08,D,200,D,,A,,A,,A,,A,,A,,A,,A,,A,,,A
20244,05582034,6,0,1,220,D,13,D,2,D,,A,,A,,A,,A,,A,,A,,A,,A,,,A
20244,05582994,6,0,1,220,D,13,D,8,D,,A,,A,,A,,A,,A,,A,,A,,A,,,A
20244,05585064,3,0,1,220,D,13,D,10,D,,A,,A,,A,,A,,A,,A,,A,,A,,,A
20244,05588144,7,0,1,170,D,10,D,65,D,,A,,A,,A,,A,,A,,A,,A,,A,,,A
20244,05588144,8,0,1,170,D,09,D,220,D,,A,,A,,A,,A,,A,,A,,A,,A,,,A
20244,05588364,8,0,1,160,D,13,D,36,D,,A,,A,,A,,A,,A,,A,,A,,A,,,A
20244,05589504,7,0,1,170,D,09,D,600,D,,A,,A,,A,,A,,A,,A,,A,,A,,,A
20244,05590234,7,0,1,220,D,09,D,100,D,,A,,A,,A,,A,,A,,A,,A,,A,,,A
20244,05590324,5,0,1,130,D,10,D,120,D,,A,,A,,A,,A,,A,,A,,A,,A,,,A
20244,05590864,4,0,1,170,D,09,D,150,D,,A,,A,,A,,A,,A,,A,,A,,A,,,A
20244,05591774,12,0,2,220,D,08,D,109,D,,A,,A,,A,,A,,A,,A,,A,,A,,,A
20244,05592504,6,0,1,130,D,09,D,187,D,,A,,A,,A,,A,,A,,A,,A,,A,,,A
20244,05592644,7,0,1,220,D,13,D,9,D,,A,,A,,A,,A,,A,,A,,A,,A,,,A
20244,05593404,5,0,1,120,D,08,D,75,D,,A,,A,,A,,A,,A,,A,,A,,A,,,A
20244,05593414,4,0,1,120,D,09,D,150,D,,A,,A,,A,,A,,A,,A,,A,,A,,,A
20244,05593574,11,0,1,140,D,10,D,62,D,,A,,A,,A,,A,,A,,A,,A,,A,,,A
20244,05596224,4,0,1,220,D,09,D,90,D,,A,,A,,A,,A,,A,,A,,A,,A,,,A
20244,05598694,5,0,1,220,D,13,D,25,D,,A,,A,,A,,A,,A,,A,,A,,A,,,A
20244,05598964,5,0,1,220,D,13,D,10,D,,A,,A,,A,,A,,A,,A,,A,,A,,,A
20244,05599924,10,0,1,220,D,09,D,99,D,,A,,A,,A,,A,,A,,A,,A,,A,,,A
20244,05601554,8,0,1,220,D,11,D,200,D,,A,,A,,A,,A,,A,,A,,A,,A,,,A
20244,05601614,4,0,1,120,D,13,D,80,D,,A,,A,,A,,A,,A,,A,,A,,A,,,A
20244,05602424,17,0,1,220,D,13,D,31,D,,A,,A,,A,,A,,A,,A,,A,,A,,,A
20244,05603454,9,0,1,220,D,11,D,200,D,,A,,A,,A,,A,,A,,A,,A,,A,,,A
20244,05604764,9,0,1,220,D,11,D,80,D,,A,,A,,A,,A,,A,,A,,A,,A,,,A
20244,05605774,5,0,2,130,D,09,D,4,D,,A,,A,,A,,A,,A,,A,,A,,A,,,A
20244,05656233,5,0,1,130,D,09,D,812,D,,A,,A,,A,,A,,A,,A,,A,,A,,,A
20244,05656693,9,0,1,220,D,08,D,164,D,,A,,A,,A,,A,,A,,A,,A,,A,,,A
20244,05658433,5,0,1,130,D,07,D,300,D,,A,,A,,A,,A,,A,,A,,A,,A,,,A
20244,05660753,9,0,1,130,D,09,D,200,D,,A,,A,,A,,A,,A,,A,,A,,A,,,A
20244,05661993,13,0,1,130,D,07,D,30,D,,A,,A,,A,,A,,A,,A,,A,,A,,,A
20244,05664253,13,0,1,220,D,09,D,258,D,,A,,A,,A,,A,,A,,A,,A,,A,,,A
20244,05664253,14,0,1,130,D,09,D,50,D,,A,,A,,A,,A,,A,,A,,A,,A,,,A
20244,05665223,11,0,1,160,D,07,D,40,D,,A,,A,,A,,A,,A,,A,,A,,A,,,A
20244,05665223,12,0,1,170,D,07,D,25,D,,A,,A,,A,,A,,A,,A,,A,,A,,,A
20244,05667173,4,0,1,150,D,09,D,277,D,,A,,A,,A,,A,,A,,A,,A,,A,,,A
20244,05668133,4,0,1,220,D,08,D,50,D,,A,,A,,A,,A,,A,,A,,A,,A,,,A
20244,05668233,5,0,1,130,D,09,D,24,D,,A,,A,,A,,A,,A,,A,,A,,A,,,A
20244,05668483,8,0,1,220,D,09,D,7,D,,A,,A,,A,,A,,A,,A,,A,,A,,,A
20244,05668893,9,0,1,220,D,09,D,55,D,,A,,A,,A,,A,,A,,A,,A,,A,,,A
20244,05669073,10,0,1,170,D,09,D,250,D,,A,,A,,A,,A,,A,,A,,A,,A,,,A
20244,05669073,11,0,1,170,D,10,D,250,D,,A,,A,,A,,A,,A,,A,,A,,A,,,A
20244,05671063,10,0,2,170,D,08,D,150,D,,A,,A,,A,,A,,A,,A,,A,,A,,,A
20244,05673233,4,0,1,220,D,08,D,150,D,,A,,A,,A,,A,,A,,A,,A,,A,,,A
20244,05673643,9,0,1,170,D,08,D,40,D,,A,,A,,A,,A,,A,,A,,A,,A,,,A
20244,05676133,5,0,2,220,D,08,D,50,D,,A,,A,,A,,A,,A,,A,,A,,A,,,A
20244,05678873,21,0,1,220,D,10,D,127,D,,A,,A,,A,,A,,A,,A,,A,,A,,,A
20244,05679433,8,0,1,120,D,09,D,75,D,,A,,A,,A,,A,,A,,A,,A,,A,,,A
20244,05680493,29,0,5,220,D,13,D,11,D,,A,,A,,A,,A,,A,,A,,A,,A,,,A
20244,05681033,12,0,1,210,D,13,D,,H,220,D,120,D,,A,,A,,A,,A,,A,,A,,,A
20244,05681033,12,1,1,220,D,13,D,41,E,,A,,A,,A,,A,,A,,A,,A,,A,,,A
20244,05681033,12,2,1,120,D,13,D,159,E,,A,,A,,A,,A,,A,,A,,A,,A,,,A
20244,05682763,11,0,1,220,D,10,D,20,D,,A,,A,,A,,A,,A,,A,,A,,A,,,A
20244,05683023,6,0,1,220,D,13,D,84,F,,A,,A,,A,,A,,A,,A,,A,,A,,,A
20244,05683033,15,0,1,220,D,10,D,150,D,,A,,A,,A,,A,,A,,A,,A,,A,,,A
20244,05683893,7,0,1,120,D,10,D,100,D,,A,,A,,A,,A,,A,,A,,A,,A,,,A
20244,05684163,6,0,1,140,D,13,D,112,D,,A,,A,,A,,A,,A,,A,,A,,A,,,A
20244,05686793,8,0,1,130,D,11,D,37,D,,A,,A,,A,,A,,A,,A,,A,,A,,,A
20244,05688843,14,0,1,130,D,11,D,350,D,,A,,A,,A,,A,,A,,A,,A,,A,,,A
20244,05795622,7,0,2,130,D,07,D,50,D,,A,,A,,A,,A,,A,,A,,A,,A,,,A
20244,05795802,5,0,2,130,D,07,D,300,D,,A,,A,,A,,A,,A,,A,,A,,A,,,A
20244,05796852,16,0,1,130,D,08,D,220,D,,A,,A,,A,,A,,A,,A,,A,,A,,,A
20244,05798122,7,0,1,140,D,08,D,30,D,,A,,A,,A,,A,,A,,A,,A,,A,,,A
20244,05800762,13,0,1,220,D,13,D,50,D,,A,,A,,A,,A,,A,,A,,A,,A,,,A
20244,05800762,14,0,1,220,D,09,D,1015,D,,A,,A,,A,,A,,A,,A,,A,,A,,,A
20244,05803602,6,0,1,140,D,09,D,60,D,,A,,A,,A,,A,,A,,A,,A,,A,,,A
20244,05804252,5,0,1,120,D,13,D,72,D,,A,,A,,A,,A,,A,,A,,A,,A,,,A
20244,05805412,6,0,1,220,D,13,D,15,D,,A,,A,,A,,A,,A,,A,,A,,A,,,A
20244,05806282,4,0,1,220,D,08,D,3,D,,A,,A,,A,,A,,A,,A,,A,,A,,,A
20244,05806282,5,0,1,150,D,08,D,199,D,,A,,A,,A,,A,,A,,A,,A,,A,,,A
20244,05806282,6,0,2,150,D,07,D,184,D,,A,,A,,A,,A,,A,,A,,A,,A,,,A
20244,05806762,3,0,1,130,D,09,D,100,D,,A,,A,,A,,A,,A,,A,,A,,A,,,A
20244,05807542,6,0,1,130,D,08,D,150,D,,A,,A,,A,,A,,A,,A,,A,,A,,,A
20244,05809422,9,0,2,220,D,08,D,147,D,,A,,A,,A,,A,,A,,A,,A,,A,,,A
20244,05809862,4,0,1,220,D,10,D,130,D,,A,,A,,A,,A,,A,,A,,A,,A,,,A
20244,05810774,8,0,1,220,D,09,D,200,D,,A,,A,,A,,A,,A,,A,,A,,A,,,A
20244,05811172,19,0,1,220,D,09,D,180,D,,A,,A,,A,,A,,A,,A,,A,,A,,,A
20244,05812412,14,0,1,130,D,09,D,40,D,,A,,A,,A,,A,,A,,A,,A,,A,,,A
20244,05814202,6,0,1,220,D,13,D,25,D,,A,,A,,A,,A,,A,,A,,A,,A,,,A
20244,05815182,9,0,2,220,D,08,D,150,D,,A,,A,,A,,A,,A,,A,,A,,A,,,A
20244,05816632,4,0,1,120,D,08,D,200,D,,A,,A,,A,,A,,A,,A,,A,,A,,,A
20244,05817022,5,0,1,220,D,10,D,22,D,,A,,A,,A,,A,,A,,A,,A,,A,,,A
20244,05817152,9,0,1,220,D,13,D,50,D,,A,,A,,A,,A,,A,,A,,A,,A,,,A
20244,05818212,7,0,1,130,D,10,D,240,D,,A,,A,,A,,A,,A,,A,,A,,A,,,A
20244,05818672,11,0,1,220,D,13,D,15,D,,A,,A,,A,,A,,A,,A,,A,,A,,,A
20244,05818672,12,0,1,220,D,13,D,11,D,,A,,A,,A,,A,,A,,A,,A,,A,,,A
20244,05818752,5,0,1,220,D,09,F,10,D,,A,,A,,A,,A,,A,,A,,A,,A,,,A
20244,05821512,12,0,1,220,D,11,D,60,D,,A,,A,,A,,A,,A,,A,,A,,A,,,A
20244,05822332,8,0,1,220,D,13,D,9,D,,A,,A,,A,,A,,A,,A,,A,,A,,,A
20244,05823022,6,0,1,220,D,09,D,300,D,,A,,A,,A,,A,,A,,A,,A,,A,,,A
20244,05823522,8,0,1,150,D,10,D,30,D,,A,,A,,A,,A,,A,,A,,A,,A,,,A
20244,05823652,8,0,1,120,D,11,D,1006,D,,A,,A,,A,,A,,A,,A,,A,,A,,,A
20244,05827322,15,0,1,220,D,13,D,4,D,,A,,A,,A,,A,,A,,A,,A,,A,,,A
20244,05827592,12,0,1,220,D,13,D,17,D,,A,,A,,A,,A,,A,,A,,A,,A,,,A
20244,05829062,3,0,1,130,D,11,D,45,D,,A,,A,,A,,A,,A,,A,,A,,A,,,A
20244,05831501,6,0,1,130,D,13,D,120,D,,A,,A,,A,,A,,A,,A,,A,,A,,,A
20244,05831971,14,0,1,220,D,08,D,100,D,,A,,A,,A,,A,,A,,A,,A,,A,,,A
20244,05832391,16,0,1,120,D,07,D,10,D,,A,,A,,A,,A,,A,,A,,A,,A,,,A
20244,05832391,17,0,1,170,D,09,D,90,D,,A,,A,,A,,A,,A,,A,,A,,A,,,A
20244,05834891,7,0,1,140,D,07,D,435,D,,A,,A,,A,,A,,A,,A,,A,,A,,,A
20244,05837891,17,0,1,220,D,13,D,5,D,,A,,A,,A,,A,,A,,A,,A,,A,,,A
20244,05837891,18,0,1,220,D,13,D,10,D,,A,,A,,A,,A,,A,,A,,A,,A,,,A
20244,05839401,8,0,1,220,D,13,D,12,D,,A,,A,,A,,A,,A,,A,,A,,A,,,A
20244,05839811,4,0,1,150,D,07,D,500,D,,A,,A,,A,,A,,A,,A,,A,,A,,,A
20244,05842381,4,0,1,120,D,08,D,9,D,,A,,A,,A,,A,,A,,A,,A,,A,,,A
20244,05842971,12,0,1,220,D,13,D,11,D,,A,,A,,A,,A,,A,,A,,A,,A,,,A
20244,05843691,11,0,1,120,D,10,D,195,D,,A,,A,,A,,A,,A,,A,,A,,A,,,A
20244,05843771,5,0,1,220,D,10,D,50,D,,A,,A,,A,,A,,A,,A,,A,,A,,,A
20244,05844581,13,0,1,120,D,08,D,10,D,,A,,A,,A,,A,,A,,A,,A,,A,,,A
20244,05844631,11,0,1,130,D,09,D,40,D,,A,,A,,A,,A,,A,,A,,A,,A,,,A
20244,05844921,8,0,1,130,D,08,D,60,D,,A,,A,,A,,A,,A,,A,,A,,A,,,A
20244,05845641,5,0,1,130,D,10,D,550,D,,A,,A,,A,,A,,A,,A,,A,,A,,,A
20244,05847381,6,0,1,130,D,08,D,110,D,,A,,A,,A,,A,,A,,A,,A,,A,,,A
20244,05848261,8,0,1,170,D,09,D,200,D,,A,,A,,A,,A,,A,,A,,A,,A,,,A
20244,05848281,4,0,1,150,D,10,D,25,D,,A,,A,,A,,A,,A,,A,,A,,A,,,A
20244,05849251,7,0,1,220,D,09,D,200,D,,A,,A,,A,,A,,A,,A,,A,,A,,,A
20244,05849381,5,0,1,220,D,13,D,3,D,,A,,A,,A,,A,,A,,A,,A,,A,,,A
20244,05851151,4,0,1,130,D,13,D,100,D,,A,,A,,A,,A,,A,,A,,A,,A,,,A
20244,05851281,11,0,1,130,D,09,D,160,D,,A,,A,,A,,A,,A,,A,,A,,A,,,A
20244,05852021,6,0,1,220,D,13,D,210,D,,A,,A,,A,,A,,A,,A,,A,,A,,,A
20244,05853101,7,0,1,220,D,13,D,9,D,,A,,A,,A,,A,,A,,A,,A,,A,,,A
20244,05853161,4,0,1,220,D,08,D,40,D,,A,,A,,A,,A,,A,,A,,A,,A,,,A
20244,05854921,5,0,1,170,D,11,D,134,D,,A,,A,,A,,A,,A,,A,,A,,A,,,A
20244,05855021,7,0,1,130,D,09,D,35,D,,A,,A,,A,,A,,A,,A,,A,,A,,2,A
20244,05858641,10,0,1,220,D,13,D,10,D,,A,,A,,A,,A,,A,,A,,A,,A,,,A
20244,05858651,7,0,1,130,D,10,D,37,D,,A,,A,,A,,A,,A,,A,,A,,A,,,A
20244,05860861,9,0,1,120,D,13,D,500,D,,A,,A,,A,,A,,A,,A,,A,,A,,,A
20244,05861571,17,0,1,220,D,09,D,95,D,,A,,A,,A,,A,,A,,A,,A,,A,,,A
20244,05861711,14,0,1,140,D,10,D,645,D,,A,,A,,A,,A,,A,,A,,A,,A,,,A
20244,05861771,6,0,1,220,D,09,D,22,D,,A,,A,,A,,A,,A,,A,,A,,A,,,A
20244,05861791,7,0,1,120,D,13,D,20,D,,A,,A,,A,,A,,A,,A,,A,,A,,,A
20244,05864871,3,0,1,220,D,13,D,16,D,,A,,A,,A,,A,,A,,A,,A,,A,,,A
20251,05655574,7,0,1,220,D,13,D,7,D,,A,,A,,A,,A,,A,,A,,A,,A,,,A
20251,05655574,8,0,1,220,D,13,D,30,D,,A,,A,,A,,A,,A,,A,,A,,A,,,A
20251,05655684,8,0,1,220,D,11,D,100,D,,A,,A,,A,,A,,A,,A,,A,,A,,,A
20251,05655764,6,0,1,170,D,12,D,125,D,,A,,A,,A,,A,,A,,A,,A,,A,,,A
20251,05656764,5,0,1,150,D,12,D,280,D,,A,,A,,A,,A,,A,,A,,A,,A,,,A
20251,05657584,5,0,1,220,D,11,D,99,D,,A,,A,,A,,A,,A,,A,,A,,A,,,A
20251,05659004,12,0,1,220,D,10,D,150,D,,A,,A,,A,,A,,A,,A,,A,,A,,,A
20251,05660364,17,0,1,220,D,12,D,807,D,,A,,A,,A,,A,,A,,A,,A,,A,,,A
20251,05661234,9,0,2,220,D,10,D,80,D,,A,,A,,A,,A,,A,,A,,A,,A,,,A
20251,05662814,5,0,1,120,D,11,D,634,D,,A,,A,,A,,A,,A,,A,,A,,A,,,A
20251,05663434,5,0,1,130,D,11,D,373,D,,A,,A,,A,,A,,A,,A,,A,,A,,,A
20251,05664254,9,0,2,220,D,10,D,108,D,,A,,A,,A,,A,,A,,A,,A,,A,,,A
20251,05664824,6,0,1,220,D,13,D,23,D,,A,,A,,A,,A,,A,,A,,A,,A,,,A
20251,05665604,6,0,1,140,D,12,D,150,D,,A,,A,,A,,A,,A,,A,,A,,A,,,A
20251,05667284,5,0,1,220,D,11,D,850,D,,A,,A,,A,,A,,A,,A,,A,,A,,,A
20251,05668034,8,0,1,220,D,01,D,400,D,,A,,A,,A,,A,,A,,A,,A,,A,,,A
20251,05668054,7,0,1,210,D,13,D,,H,120,D,220,D,,A,,A,,A,,A,,A,,A,,,A
20251,05668054,7,1,1,120,D,13,D,11,E,,A,,A,,A,,A,,A,,A,,A,,A,,,A
20251,05668054,7,2,1,220,D,13,D,9,E,,A,,A,,A,,A,,A,,A,,A,,A,,,A
20251,05668894,8,0,1,220,D,13,D,55,D,,A,,A,,A,,A,,A,,A,,A,,A,,,A
20251,05671824,7,0,1,120,D,13,D,25,D,,A,,A,,A,,A,,A,,A,,A,,A,,,A
20251,05671914,4,0,1,220,D,01,D,190,D,,A,,A,,A,,A,,A,,A,,A,,A,,,A
20251,05672654,28,0,1,170,D,12,D,360,D,,A,,A,,A,,A,,A,,A,,A,,A,,,A
20251,05672654,29,0,1,140,D,01,D,80,D,,A,,A,,A,,A,,A,,A,,A,,A,,,A
20251,05672654,30,0,1,170,D,01,D,45,D,,A,,A,,A,,A,,A,,A,,A,,A,,,A
20251,05673904,12,0,1,120,D,01,D,299,D,,A,,A,,A,,A,,A,,A,,A,,A,,,A
20251,05674224,4,0,1,220,D,13,D,15,D,,A,,A,,A,,A,,A,,A,,A,,A,,,A
20251,05674284,25,0,1,130,D,01,D,75,D,,A,,A,,A,,A,,A,,A,,A,,A,,,A
20251,05674744,10,0,1,220,D,13,D,45,D,,A,,A,,A,,A,,A,,A,,A,,A,,,A
20251,05675204,8,0,2,220,D,11,D,400,D,,A,,A,,A,,A,,A,,A,,A,,A,,,A
20251,05675964,8,0,1,220,D,13,D,16,D,,A,,A,,A,,A,,A,,A,,A,,A,,,A
20251,05676554,8,0,1,170,D,13,D,44,D,,A,,A,,A,,A,,A,,A,,A,,A,,,A
20251,05677224,10,0,1,140,D,13,D,30,D,,A,,A,,A,,A,,A,,A,,A,,A,,,A
20251,05677514,10,0,1,130,D,11,D,65,D,,A,,A,,A,,A,,A,,A,,A,,A,,,A
20251,05679424,11,0,1,220,D,12,D,500,D,,A,,A,,A,,A,,A,,A,,A,,A,,,A
20251,05679844,8,0,1,120,D,12,D,120,D,,A,,A,,A,,A,,A,,A,,A,,A,,,A
20251,05680494,19,0,5,220,D,13,D,51,D,,A,,A,,A,,A,,A,,A,,A,,A,,,A
20251,05683034,15,0,1,220,D,13,D,35,D,,A,,A,,A,,A,,A,,A,,A,,A,,,A
20251,05684164,4,0,1,130,D,01,D,130,D,,A,,A,,A,,A,,A,,A,,A,,A,,,A
20251,05684934,5,0,1,150,D,12,D,42,D,,A,,A,,A,,A,,A,,A,,A,,A,,,A
20251,05686014,9,0,1,220,D,02,D,180,D,,A,,A,,A,,A,,A,,A,,A,,A,,,A
20251,05686054,14,0,1,220,D,02,D,60,D,,A,,A,,A,,A,,A,,A,,A,,A,,,A
20251,05686054,15,0,2,220,D,12,D,127,D,,A,,A,,A,,A,,A,,A,,A,,A,,,A
20251,05797453,7,0,1,220,D,12,D,99,D,,A,,A,,A,,A,,A,,A,,A,,A,,,A
20251,05798303,15,0,1,140,D,10,D,79,D,,A,,A,,A,,A,,A,,A,,A,,A,,,A
20251,05799073,16,0,1,220,D,11,D,100,D,,A,,A,,A,,A,,A,,A,,A,,A,,,A
20251,05799813,6,0,1,220,D,13,D,17,D,,A,,A,,A,,A,,A,,A,,A,,A,,,A
20251,05800763,16,0,1,220,D,13,D,50,D,,A,,A,,A,,A,,A,,A,,A,,A,,,A
20251,05800763,17,0,1,220,D,10,D,2768,D,,A,,A,,A,,A,,A,,A,,A,,A,,,A
20251,05800763,18,0,1,140,D,12,D,140,D,,A,,A,,A,,A,,A,,A,,A,,A,,,A
20251,05800973,11,0,1,220,D,10,D,149,F,,A,,A,,A,,A,,A,,A,,A,,A,,,A
20251,05801103,4,0,2,130,D,10,D,25,D,,A,,A,,A,,A,,A,,A,,A,,A,,,A
20251,05805413,5,0,1,220,D,11,D,15,D,,A,,A,,A,,A,,A,,A,,A,,A,,,A
20251,05808643,14,0,1,220,D,01,D,60,D,,A,,A,,A,,A,,A,,A,,A,,A,,,A
20251,05811393,12,0,1,170,D,01,D,221,D,,A,,A,,A,,A,,A,,A,,A,,A,,,A
20251,05811893,4,0,1,130,D,13,D,65,D,,A,,A,,A,,A,,A,,A,,A,,A,,,A
20251,05812113,5,0,1,220,D,01,D,100,D,,A,,A,,A,,A,,A,,A,,A,,A,,,A
20251,05812573,5,0,1,220,D,01,D,175,D,,A,,A,,A,,A,,A,,A,,A,,A,,,A
20251,05812573,6,0,1,220,D,11,D,100,D,,A,,A,,A,,A,,A,,A,,A,,A,,,A
20251,05813063,11,0,1,130,D,11,D,971,D,,A,,A,,A,,A,,A,,A,,A,,A,,,A
20251,05815733,7,0,1,220,D,01,D,188,D,,A,,A,,A,,A,,A,,A,,A,,A,,,A
20251,05816953,6,0,1,120,D,12,D,200,D,,A,,A,,A,,A,,A,,A,,A,,A,,,A
20251,05817753,12,0,1,130,D,12,D,165,D,,A,,A,,A,,A,,A,,A,,A,,A,,,A
20251,05818673,7,0,1,120,D,01,D,100,D,,A,,A,,A,,A,,A,,A,,A,,A,,,A
20251,05819213,10,0,1,170,D,12,D,150,D,,A,,A,,A,,A,,A,,A,,A,,A,,,A
20251,05820313,7,0,2,170,D,12,D,200,D,,A,,A,,A,,A,,A,,A,,A,,A,,,A
20251,05822153,7,0,1,220,D,01,D,69,D,,A,,A,,A,,A,,A,,A,,A,,A,,,A
20251,05822243,5,0,2,130,D,12,D,72,D,,A,,A,,A,,A,,A,,A,,A,,A,,,A
20251,05822943,3,0,1,220,D,02,D,125,D,,A,,A,,A,,A,,A,,A,,A,,A,,,A
20251,05823143,10,0,1,220,D,12,D,89,D,,A,,A,,A,,A,,A,,A,,A,,A,,,A
20251,05825083,14,0,1,220,D,02,D,25,D,,A,,A,,A,,A,,A,,A,,A,,A,,,A
20251,05825083,15,0,1,130,D,02,D,80,D,,A,,A,,A,,A,,A,,A,,A,,A,,,A
20251,05825153,3,0,1,130,D,12,D,200,D,,A,,A,,A,,A,,A,,A,,A,,A,,,A
20251,05827323,20,0,1,220,D,13,D,4,D,,A,,A,,A,,A,,A,,A,,A,,A,,,A
20251,05827593,15,0,1,220,D,13,D,17,D,,A,,A,,A,,A,,A,,A,,A,,A,,,A
20251,05828523,10,0,1,220,D,13,D,375,D,,A,,A,,A,,A,,A,,A,,A,,A,,,A
20251,05828623,7,0,1,120,D,01,D,400,D,,A,,A,,A,,A,,A,,A,,A,,A,,,A
20251,05829443,8,0,1,140,D,02,D,220,D,,A,,A,,A,,A,,A,,A,,A,,A,,,A
20251,05830383,5,0,1,160,D,12,D,100,D,,A,,A,,A,,A,,A,,A,,A,,A,,,A
20251,05832342,8,0,1,220,D,10,D,350,D,,A,,A,,A,,A,,A,,A,,A,,A,,,A
20251,05832852,6,0,1,140,D,11,D,180,D,,A,,A,,A,,A,,A,,A,,A,,A,,,A
20251,05832862,7,0,1,220,D,13,D,20,D,,A,,A,,A,,A,,A,,A,,A,,A,,,A
20251,05834892,24,0,1,140,D,10,D,745,D,,A,,A,,A,,A,,A,,A,,A,,A,,,A
20251,05836342,4,0,1,130,D,10,D,400,D,,A,,A,,A,,A,,A,,A,,A,,A,,,A
20251,05837314,7,0,1,170,D,11,D,90,D,,A,,A,,A,,A,,A,,A,,A,,A,,,A
20251,05839212,11,0,1,150,D,11,D,150,D,,A,,A,,A,,A,,A,,A,,A,,A,,,A
20251,05839632,7,0,1,220,D,11,D,75,D,,A,,A,,A,,A,,A,,A,,A,,A,,,A
20251,05839632,8,0,1,220,D,10,D,15,D,,A,,A,,A,,A,,A,,A,,A,,A,,,A
20251,05839712,12,0,1,130,D,10,D,150,D,,A,,A,,A,,A,,A,,A,,A,,A,,,A
20251,05839912,4,0,1,220,D,12,D,140,D,,A,,A,,A,,A,,A,,A,,A,,A,,,A
20251,05840702,15,0,1,130,D,11,D,50,D,,A,,A,,A,,A,,A,,A,,A,,A,,,A
20251,05841042,4,0,1,170,D,11,D,500,D,,A,,A,,A,,A,,A,,A,,A,,A,,,A
20251,05841322,3,0,1,220,D,13,D,11,D,,A,,A,,A,,A,,A,,A,,A,,A,,,A
20251,05841552,4,0,2,220,D,10,D,150,D,,A,,A,,A,,A,,A,,A,,A,,A,,,A
20251,05841982,7,0,2,120,D,11,D,163,F,,A,,A,,A,,A,,A,,A,,A,,A,,,A
20251,05843502,4,0,1,120,D,11,D,199,D,,A,,A,,A,,A,,A,,A,,A,,A,,,A
20251,05843772,4,0,1,160,D,12,D,175,D,,A,,A,,A,,A,,A,,A,,A,,A,,,A
20251,05843872,4,0,1,170,D,12,D,100,D,,A,,A,,A,,A,,A,,A,,A,,A,,,A
20251,05844582,6,0,1,140,D,13,D,30,D,,A,,A,,A,,A,,A,,A,,A,,A,,,A
20251,05845092,8,0,1,130,D,11,D,76,D,,A,,A,,A,,A,,A,,A,,A,,A,,,A
20251,05846274,11,0,1,220,D,13,D,8,D,,A,,A,,A,,A,,A,,A,,A,,A,,,A
20251,05847212,18,0,1,140,D,12,D,30,D,,A,,A,,A,,A,,A,,A,,A,,A,,,A
20251,05848712,6,0,1,170,D,01,D,18,D,,A,,A,,A,,A,,A,,A,,A,,A,,,A
20251,05849232,9,0,1,220,D,11,D,105,D,,A,,A,,A,,A,,A,,A,,A,,A,,,A
20251,05850082,10,0,2,220,D,11,D,300,D,,A,,A,,A,,A,,A,,A,,A,,A,,,A
20251,05851132,4,0,1,220,D,11,D,149,F,,A,,A,,A,,A,,A,,A,,A,,A,,,A
20251,05852692,5,0,1,130,D,11,D,100,D,,A,,A,,A,,A,,A,,A,,A,,A,,,A
20251,05853112,8,0,1,170,D,12,D,100,D,,A,,A,,A,,A,,A,,A,,A,,A,,,A
20251,05853562,5,0,1,130,D,13,D,60,D,,A,,A,,A,,A,,A,,A,,A,,A,,,A
20251,05855802,7,0,2,120,D,12,D,99,D,,A,,A,,A,,A,,A,,A,,A,,A,,,A
20251,05855912,15,0,1,220,D,01,D,179,D,,A,,A,,A,,A,,A,,A,,A,,A,,,A
20251,05859182,7,0,1,170,D,02,D,600,D,,A,,A,,A,,A,,A,,A,,A,,A,,,A
20251,05859962,5,0,1,130,D,01,D,120,D,,A,,A,,A,,A,,A,,A,,A,,A,,,A
20251,05860822,6,0,1,140,D,02,D,85,D,,A,,A,,A,,A,,A,,A,,A,,A,,,A
20251,05862402,5,0,1,150,D,12,D,200,D,,A,,A,,A,,A,,A,,A,,A,,A,,,A
20251,05862402,6,0,1,150,D,12,D,40,D,,A,,A,,A,,A,,A,,A,,A,,A,,,A
20251,05863482,9,0,1,220,D,01,D,100,D,,A,,A,,A,,A,,A,,A,,A,,A,,,A
20251,05863512,7,0,1,120,D,13,D,24,D,,A,,A,,A,,A,,A,,A,,A,,A,,,A
20251,05896161,5,0,1,210,D,12,D,,H,120,D,220,D,,A,,A,,A,,A,,A,,A,,,A
20251,05896161,5,1,1,120,D,12,D,41,E,,A,,A,,A,,A,,A,,A,,A,,A,,,A
20251,05896161,5,2,1,220,D,12,D,34,E,,A,,A,,A,,A,,A,,A,,A,,A,,,A
20251,05896161,6,0,1,210,D,12,D,,H,210,D,120,D,,A,,A,,A,,A,,A,,A,,,A
20251,05896161,6,1,1,120,D,12,D,11,E,,A,,A,,A,,A,,A,,A,,A,,A,,,A
20251,05896161,6,2,1,220,D,12,D,9,E,,A,,A,,A,,A,,A,,A,,A,,A,,,A
20251,05896371,8,0,1,170,D,11,D,75,D,,A,,A,,A,,A,,A,,A,,A,,A,,,A
20251,05896921,10,0,1,220,D,13,D,20,D,,A,,A,,A,,A,,A,,A,,A,,A,,,A
20251,05900511,3,0,1,170,D,12,D,10,D,,A,,A,,A,,A,,A,,A,,A,,A,,,A
20251,05900581,8,0,1,220,D,13,D,7,D,,A,,A,,A,,A,,A,,A,,A,,A,,,A
20251,05901841,9,0,1,220,D,12,D,48,D,,A,,A,,A,,A,,A,,A,,A,,A,,,A
20251,05902811,4,0,1,220,D,12,D,126,D,,A,,A,,A,,A,,A,,A,,A,,A,,,A
20251,05904271,9,0,1,130,D,12,D,119,D,,A,,A,,A,,A,,A,,A,,A,,A,,,A
20251,05904741,8,0,1,220,D,12,D,130,D,,A,,A,,A,,A,,A,,A,,A,,A,,,A
20251,05904881,3,0,1,130,D,13,D,100,D,,A,,A,,A,,A,,A,,A,,A,,A,,,A
20251,05905751,10,0,1,220,D,10,D,128,D,,A,,A,,A,,A,,A,,A,,A,,A,,,A
20251,05906361,9,0,1,220,D,12,D,100,D,,A,,A,,A,,A,,A,,A,,A,,A,,,A
20251,05906381,15,0,1,220,D,12,D,400,D,,A,,A,,A,,A,,A,,A,,A,,A,,,A
20251,05955491,10,0,1,170,D,12,D,100,D,,A,,A,,A,,A,,A,,A,,A,,A,,,A
20251,05955491,11,0,1,170,D,13,D,35,D,,A,,A,,A,,A,,A,,A,,A,,A,,,A
20251,05955611,7,0,1,220,D,12,D,60,D,,A,,A,,A,,A,,A,,A,,A,,A,,,A
20251,05956701,13,0,1,120,D,11,D,100,D,,A,,A,,A,,A,,A,,A,,A,,A,,,A
20251,05956911,7,0,1,220,D,13,D,13,D,,A,,A,,A,,A,,A,,A,,A,,A,,,A
20251,05957781,12,0,1,120,D,12,D,10,D,,A,,A,,A,,A,,A,,A,,A,,A,,,A
20251,05961391,10,0,1,220,D,13,D,4,D,,A,,A,,A,,A,,A,,A,,A,,A,,,A
20251,05961721,21,0,1,130,D,12,D,200,D,,A,,A,,A,,A,,A,,A,,A,,A,,,A
20251,05961821,6,0,1,220,D,12,D,200,D,,A,,A,,A,,A,,A,,A,,A,,A,,,A
20251,05962291,5,0,1,140,D,12,D,85,D,,A,,A,,A,,A,,A,,A,,A,,A,,,A
20251,05965991,7,0,1,220,D,12,D,20,D,,A,,A,,A,,A,,A,,A,,A,,A,,,A
20251,05969041,8,0,1,170,D,02,D,216,D,,A,,A,,A,,A,,A,,A,,A,,A,,,A
20251,05969541,6,0,1,170,D,12,D,62,D,,A,,A,,A,,A,,A,,A,,A,,A,,,A
20251,05971401,3,0,1,130,D,02,D,70,D,,A,,A,,A,,A,,A,,A,,A,,A,,,A
20251,05972711,6,0,1,150,D,02,D,30,D,,A,,A,,A,,A,,A,,A,,A,,A,,,A
20251,05972881,3,0,1,120,D,02,D,163,F,,A,,A,,A,,A,,A,,A,,A,,A,,,A
20251,05973131,5,0,1,220,D,13,D,199,D,,A,,A,,A,,A,,A,,A,,A,,A,,,A
20251,05973131,6,0,1,220,D,13,D,199,D,,A,,A,,A,,A,,A,,A,,A,,A,,,A
20251,05973861,12,0,1,170,D,13,D,15,D,,A,,A,,A,,A,,A,,A,,A,,A,,,A
20251,05976681,4,0,1,120,D,02,D,300,D,,A,,A,,A,,A,,A,,A,,A,,A,,,A
20251,05980951,4,0,1,130,D,01,D,200,D,,A,,A,,A,,A,,A,,A,,A,,A,,,A
