QYEAR,NEWID,SEQNO,ALCNO,REC_ORIG,PROP_NOG,PROP0NOG,OWNYG,OWNYG_,NEWMRTG,NEWMRTG_,ORGMRTG,ORGMRTG_,QMRTTRMG,QMRT_RMG,MRTPMTG,MRTPMTG_,PAYPRTXG,PAYP_TXG,PAYPRING,PAYP_ING,PAYMRING,PAYM_ING,PAYOTHRG,PAYO_HRG,QESCROWG,QESC_OWG,QPRINM1G,QPRI_M1G,QPRINM2G,QPRI_M2G,QPRINM3G,QPRI_M3G,QADINT1G,QADI_T1G,QADINT2G,QADI_T2G,QADINT3G,QADI_T3G,QRFINDTG,QRFI_DTG,FRSTPYMG,FRST_YMG,FRSTPYRG,FRST_YRG,FIXDRTEG,FIXD_TEG,QNEWDATG,QNEW_ATG,QBLNCM1G,QBLN_M1G,QBLNCM2G,QBLN_M2G,QBLNCM3G,QBLN_M3G,LOAN_NOG,LOAN0NOG,VARRTEG,VARRTEG_,INTONLYG,INTO_LYG,OTHRTEG,OTHRTEG_,PAYMT1G,PAYMT1G_,PAYMT2G,PAYMT2G_,PAYMT3G,PAYMT3G_,PAYPRNPG,PAYP_NPG,PAYINTG,PAYINTG_
20241,05289444,20,0,5,01,D,100,D,.0662,D,80000,D,20,D,677,D,,B,,B,,B,,B,75,D,524,D,527,D,530,D,78,D,75,D,72,D,,A,11,D,2005,D,1,D,,A,14076,D,13552,D,13024,D,01,D,,A,,A,,A,,A,,A,,A,1,D,2,D
20241,05290234,21,0,5,01,D,100,D,.0371,D,40000,D,20,D,451,D,3,D,4,D,,A,,A,215,D,121,D,121,D,121,D,115,D,115,D,115,D,,A,11,D,2021,D,1,D,,A,37327,D,37206,D,37085,D,01,D,,A,,A,,A,,A,,A,,A,1,D,2,D
20241,05291544,23,0,5,01,D,100,D,.0609,D,40000,D,19,D,300,D,,B,,B,,B,,B,4,D,99,D,99,D,100,D,197,D,197,D,196,D,,A,10,D,2022,D,1,D,,A,38852,D,38753,D,38654,D,01,D,,A,,A,,A,,A,,A,,A,1,D,2,D
20241,05293524,16,0,5,01,D,100,D,.0475,D,99881,D,7,D,1400,D,,A,,A,,A,,A,0,D,1378,D,1384,D,1389,D,22,D,16,D,11,D,,A,02,D,2017,D,1,D,,A,5546,D,4168,D,2784,D,01,D,,A,,A,,A,,A,,A,,A,1,D,2,D
20241,05345334,15,0,5,01,D,100,D,.0800,D,50000,D,15,D,478,D,,A,,A,,A,,A,0,D,0,D,0,D,0,D,368,D,368,D,368,D,,A,01,D,2015,D,2,D,,A,50000,D,50000,D,50000,D,01,D,,A,2,D,,A,356,D,418,D,368,D,,A,2,D
20241,05347924,25,0,5,01,D,100,D,.0450,D,85000,D,15,D,700,D,,B,,B,,B,,B,50,D,445,D,447,D,449,D,205,D,203,D,201,D,,A,04,D,2017,D,1,D,,A,54608,D,54163,D,53716,D,01,D,,A,,A,,A,,A,,A,,A,1,D,2,D
20241,05348724,18,0,5,01,D,100,D,.0529,D,75000,D,10,D,806,D,,A,,A,,A,,A,0,D,630,D,633,D,636,D,176,D,173,D,170,D,,A,07,D,2018,D,1,D,,A,39939,D,39309,D,38676,D,01,D,,A,,A,,A,,A,,A,,A,1,D,2,D
20241,05349784,31,0,5,01,D,100,D,.0420,D,52000,D,15,D,390,D,,A,,A,,A,,A,0,D,240,D,241,D,242,D,150,D,149,D,148,D,,A,06,D,2020,D,1,D,,A,42847,D,42607,D,42366,D,01,D,,A,,A,,A,,A,,A,,A,1,D,2,D
20241,05353464,26,0,5,01,D,100,D,.0750,D,25000,D,20,D,201,D,,A,,A,,A,,A,0,D,51,D,51,D,51,D,105,D,105,D,105,D,,A,11,D,2018,D,2,D,,A,21726,D,21660,D,21594,D,01,D,1,D,,A,,A,156,D,156,D,156,D,1,D,2,D
20241,05354274,48,0,5,01,D,100,D,.0440,D,155103,D,10,D,1600,D,,A,,A,,A,,A,0,D,1408,D,1413,D,1418,D,192,D,187,D,182,D,,A,10,D,2016,D,1,D,,A,52465,D,51057,D,49645,D,01,D,,A,,A,,A,,A,,A,,A,1,D,2,D
20241,05356254,23,0,5,01,D,100,D,.0609,F,64803,F,15,F,550,F,,C,,C,,C,,C,0,F,243,F,245,F,246,F,307,F,305,F,304,F,,A,04,F,2022,F,1,F,,A,60404,F,60161,F,59916,F,01,D,,C,,C,,C,,A,,A,,A,,C,,A
20241,05356454,19,0,5,01,D,100,D,.0756,F,50000,F,15,F,700,F,,B,,B,,B,,B,235,F,160,F,161,F,162,F,305,F,304,F,303,F,,A,01,F,2023,F,1,F,,A,48457,F,48297,F,48136,F,01,D,,A,,A,,A,,A,,A,,A,1,D,2,D
20241,05357104,24,0,5,01,D,100,D,.0386,D,145000,D,15,D,1542,D,3,D,4,D,,A,,A,480,D,669,D,671,D,673,D,393,D,391,D,389,D,,A,12,D,2020,D,1,D,,A,122307,D,121638,D,120968,D,01,D,,A,,A,,A,,A,,A,,A,1,D,2,D
20241,05357824,25,0,5,01,D,100,D,.0800,D,16484,D,10,D,200,D,,A,,A,,A,,A,0,D,,A,,A,90,D,,A,,A,110,D,,A,02,D,2024,D,1,D,,A,,A,,A,16484,D,01,D,,A,,A,,A,,A,,A,,A,1,D,2,D
20241,05361994,11,0,5,01,D,100,D,.0400,D,34000,D,14,D,530,D,3,D,4,D,,A,,A,265,D,176,D,176,D,177,D,89,D,89,D,88,D,,A,04,D,2020,D,1,D,,A,26825,D,26650,D,26474,D,01,D,,A,,A,,A,,A,,A,,A,1,D,2,D
20241,05366094,10,0,5,01,D,100,D,.0775,F,29216,F,15,F,275,F,,A,,A,,A,,A,0,F,87,F,87,F,88,F,188,F,188,F,187,F,,A,09,F,2023,F,1,F,,A,29130,F,29043,F,28955,F,01,D,,A,,A,,A,,A,,A,,A,1,D,2,D
20241,05366784,17,0,5,01,D,100,D,.0480,D,150000,D,5,D,2817,D,3,D,4,D,,A,,A,0,D,2150,T,2188,T,2264,T,473,D,463,D,454,D,,A,10,D,2022,D,1,D,,A,118142,D,115798,D,113444,D,01,D,,A,,A,,A,,A,,A,,A,1,D,2,D
20241,05411973,12,0,1,01,D,100,D,.0500,D,37937,D,15,D,300,D,,A,,A,,A,,A,0,D,147,D,147,D,148,D,153,D,153,D,152,D,,A,02,D,2023,D,1,D,,A,36785,D,36638,D,36491,D,01,D,,A,,A,,A,,A,,A,,A,1,D,2,D
20241,05417623,32,0,5,01,D,100,D,.0615,D,73358,D,15,D,625,D,,A,,A,,A,,A,0,D,258,D,259,D,261,D,367,D,366,D,364,D,,A,03,D,2023,D,1,D,,A,71588,D,71330,D,71070,D,01,D,,A,,A,,A,,A,,A,,A,1,D,2,D
20241,05419873,27,0,5,01,D,100,D,.0386,D,19879,D,20,D,119,D,,A,,A,,A,,A,0,D,62,D,62,D,62,D,57,D,57,D,57,D,,A,11,D,2020,D,1,D,,A,17843,D,17781,D,17719,D,01,D,,A,,A,,A,,A,,A,,A,1,D,2,D
20241,05420153,26,0,5,01,D,100,D,.0609,F,64803,F,15,F,550,F,,C,,C,,C,,C,0,F,243,F,245,F,246,F,307,F,305,F,304,F,,A,04,F,2022,F,1,F,,A,60404,F,60161,F,59916,F,01,D,,A,,A,3,D,,A,,A,,A,,C,,A
20241,05421773,28,0,5,01,D,100,D,.0500,D,150000,D,10,D,1591,D,,A,,A,,A,,A,0,D,,A,,A,,A,,A,,A,,A,,A,04,D,2016,D,2,D,,A,44779,D,43375,D,41965,D,01,D,1,D,,A,,A,1600,D,1600,D,1600,D,1,D,2,D
20241,05426393,18,0,1,01,D,100,D,.0400,F,55000,F,10,F,716,F,,B,,B,,B,,B,159,F,446,F,447,F,449,F,111,F,110,F,108,F,,A,07,F,2019,F,1,F,,A,33378,F,32932,F,32485,F,01,D,,A,,A,,A,,A,,A,,A,1,D,2,D
20241,05428653,28,0,5,01,D,100,D,.0371,D,245000,D,17,D,1628,D,,B,,B,,B,,B,7,D,933,D,936,D,939,D,688,D,685,D,682,D,,A,10,D,2021,D,1,D,,A,325646,T,341686,T,339622,T,01,D,,A,,A,,A,,A,,A,,A,1,D,2,D
20241,05428853,42,0,5,01,D,100,D,.0750,D,45000,D,5,D,902,D,,A,,A,,A,,A,0,D,270,D,272,D,273,D,30,D,28,D,27,D,,A,04,D,2020,D,2,D,,A,14500,D,13689,D,12873,D,01,D,1,D,,A,,A,300,D,300,D,300,D,1,D,2,D
20241,05430123,25,0,5,01,D,100,D,.1000,D,125000,D,15,D,1343,D,,A,,A,,A,,A,0,D,0,D,0,D,0,D,1343,D,1343,D,1343,D,,A,11,D,2023,D,1,D,,A,125000,D,125000,D,125000,D,01,D,,A,,A,,A,,A,,A,,A,,A,2,D
20241,05436903,28,0,5,01,D,100,D,.0386,D,150000,D,10,D,1509,D,,A,,A,,A,,A,0,D,0,D,0,D,0,D,0,D,0,D,0,D,,A,12,D,2020,D,2,D,,A,110899,D,109747,D,108591,D,01,D,1,D,,A,,A,0,D,0,D,0,D,1,D,2,D
20241,05437263,17,0,5,01,D,100,D,.0799,D,99902,D,20,D,835,D,,A,,A,,A,,A,0,D,180,D,181,D,183,D,655,D,654,D,652,D,,A,03,D,2023,D,1,D,,A,98332,D,98152,D,97971,D,01,D,,A,,A,,A,,A,,A,,A,1,D,2,D
20241,05441743,42,0,5,02,D,200,D,.0625,D,56911,D,10,D,639,D,,A,,A,,A,,A,0,D,424,D,426,D,428,D,215,D,213,D,211,D,,A,07,D,2020,D,1,D,,A,41298,D,40874,D,40448,D,01,D,,A,,A,,A,,A,,A,,A,1,D,2,D
20241,05444003,19,0,5,01,D,100,D,.0371,D,14834,D,13,D,120,D,3,D,4,D,5,D,,A,0,D,83,D,83,D,83,D,37,D,37,D,37,D,,A,01,D,2021,D,1,D,,A,12098,D,12015,D,11933,D,01,D,,A,,A,,A,,A,,A,,A,1,D,2,D
20241,05445983,24,0,5,01,D,100,D,.0475,D,14000,D,15,D,158,D,,B,,B,,B,,B,49,D,73,D,74,D,74,D,36,D,35,D,35,D,,A,04,D,2017,D,1,D,,A,8969,D,8895,D,8821,D,01,D,,A,,A,,A,,A,,A,,A,1,D,2,D
20241,05446013,24,0,5,01,D,100,D,.0662,F,80000,F,20,F,677,F,,B,,B,,B,,B,75,F,524,F,527,F,530,F,78,F,75,F,72,F,,A,11,F,2005,F,1,F,,A,14076,F,13552,F,13024,F,01,D,,A,,A,,A,,A,,A,,A,1,D,2,D
20241,05541532,28,0,5,01,D,100,D,.0440,D,75500,D,14,D,603,D,,A,,A,,A,,A,0,D,535,D,537,D,539,D,68,D,66,D,64,D,,A,07,D,2012,D,1,D,,A,18657,D,18122,D,17586,D,01,D,,A,,A,,A,,A,,A,,A,1,D,2,D
20241,05542592,15,0,5,01,D,100,D,.0440,D,7000,D,15,D,200,D,,B,,B,,B,,B,147,D,38,D,38,D,38,D,15,D,15,D,15,D,,A,04,D,2016,D,1,D,,A,4092,D,4054,D,4016,D,01,D,,A,,A,,A,,A,,A,,A,1,D,2,D
20241,05544312,21,0,5,01,D,100,D,.0799,F,99902,F,20,F,835,F,,A,,A,,A,,A,0,F,180,F,181,F,183,F,655,F,654,F,652,F,,A,03,F,2023,F,1,F,,A,98332,F,98152,F,97971,F,01,D,,A,,A,,A,,A,,A,,A,1,D,2,D
20241,05545802,33,0,5,01,D,100,D,.0690,D,50000,D,10,D,593,D,,B,,B,,B,,B,15,D,343,D,345,D,347,D,235,D,233,D,231,D,,A,05,D,2021,D,1,D,,A,40861,D,40518,D,40173,D,01,D,,A,,A,,A,,A,,A,,A,1,D,2,D
20241,05548242,26,0,5,01,D,100,D,.0400,D,32000,D,10,D,789,D,3,D,4,D,,A,,A,465,D,263,D,264,D,264,D,61,D,60,D,60,D,,A,01,D,2019,D,1,D,,A,18382,D,18119,D,17856,D,01,D,,A,,A,,A,,A,,A,,A,1,D,2,D
20241,05556892,12,0,1,01,D,100,D,.0690,F,50000,F,10,F,593,F,,B,,B,,B,,B,15,F,343,F,345,F,347,F,235,F,233,F,231,F,,A,05,F,2021,F,1,F,,A,40861,F,40518,F,40173,F,01,D,,A,,A,,A,,A,,A,,A,1,D,2,D
20241,05558952,21,0,5,01,D,100,D,.0420,D,220000,D,10,D,2248,D,,A,,A,,A,,A,0,D,2150,T,2188,T,2264,T,400,D,393,D,387,D,,A,07,D,2018,D,1,D,,A,114183,D,112335,D,110480,D,01,D,,A,,A,,A,,A,,A,,A,1,D,2,D
20241,05566572,33,0,5,01,D,100,D,.0756,D,65000,D,15,D,605,D,,A,,A,,A,,A,0,D,79,D,79,D,80,D,161,D,161,D,160,D,,A,09,D,2023,D,2,D,,A,64410,D,64211,D,64011,D,01,D,,C,,C,,C,450,D,240,D,240,D,1,D,2,D
20241,05566742,29,0,5,01,D,100,D,.0750,F,45000,F,5,F,902,F,,A,,A,,A,,A,0,F,270,F,272,F,273,F,30,F,28,F,27,F,,A,04,F,2020,F,2,F,,A,14500,F,13689,F,12873,F,01,D,,A,,A,,A,300,F,300,F,300,F,1,D,2,D
20241,05568682,19,0,5,01,D,100,D,.0386,D,35000,D,15,D,301,D,,B,,B,,B,,B,45,D,166,D,167,D,167,D,90,D,89,D,89,D,,A,02,D,2020,D,1,D,,A,27902,D,27736,D,27569,D,01,D,,A,,A,,A,,A,,A,,A,1,D,2,D
20241,05571452,16,0,5,01,D,100,D,.0400,D,52000,D,10,D,539,D,,B,,B,,B,,B,13,D,515,D,517,D,519,D,11,D,9,D,7,D,,A,06,D,2014,D,1,D,,A,3188,D,2673,D,2156,D,01,D,,A,,A,,A,,A,,A,,A,1,D,2,D
20241,05575911,19,0,1,01,D,100,D,.0775,D,29216,D,15,D,275,D,,A,,A,,A,,A,0,D,87,D,87,D,88,D,188,D,188,D,187,D,,A,09,D,2023,D,1,D,,A,29130,D,29043,D,28955,D,01,D,,A,,A,,A,,A,,A,,A,1,D,2,D
20241,05575991,18,0,1,01,D,100,D,.0440,D,150000,D,15,D,1200,D,,B,,B,,B,,B,60,D,823,D,826,D,829,D,317,D,314,D,311,D,,A,03,D,2016,D,1,D,,A,86405,D,85581,D,84755,D,01,D,,A,,A,,A,,A,,A,,A,1,D,2,D
20241,05578861,12,0,1,01,D,100,D,.0756,F,50000,F,15,F,700,F,,B,,B,,B,,B,235,F,160,F,161,F,162,F,305,F,304,F,303,F,,A,01,F,2023,F,1,F,,A,48457,F,48297,F,48136,F,01,D,,C,,C,,C,,A,,A,,A,1,D,2,D
20241,05579811,17,0,1,01,D,100,D,.0386,D,74231,D,8,D,900,D,,A,,A,,A,,A,0,D,0,D,0,D,0,D,900,D,900,D,900,D,,A,03,D,2020,D,1,D,,A,74231,D,74231,D,74231,D,01,D,,A,,A,,A,,A,,A,,A,,A,2,D
20241,05581221,18,0,1,01,D,100,D,.0800,D,16484,D,10,D,200,D,,A,,A,,A,,A,0,D,91,D,92,D,93,D,109,D,108,D,107,D,,A,08,D,2023,D,1,D,,A,16303,D,16212,D,16120,D,01,D,,A,,A,,A,,A,,A,,A,1,D,2,D
20241,05582091,21,0,1,01,D,100,D,.0529,D,90000,D,20,D,608,D,,A,,A,,A,,A,0,D,,A,,A,,A,,A,,A,,A,,A,10,D,2018,D,2,D,,A,75495,D,75219,D,74942,D,01,D,1,D,,A,,A,850,D,850,D,850,D,1,D,2,D
20241,05584441,12,0,1,01,D,100,D,.0900,D,27630,D,10,D,350,D,,A,,A,,A,,A,0,D,,A,143,D,144,D,,A,207,D,206,D,,A,11,D,2023,D,1,D,,A,,A,27630,D,27487,D,01,D,,A,,A,,A,,A,,A,,A,1,D,2,D
20241,05587041,20,0,1,01,D,100,D,.0900,D,50000,D,10,D,633,D,,A,,A,,A,,A,0,D,,A,,A,,A,,A,,A,,A,,A,10,D,2022,D,2,D,,A,46486,D,46201,D,45914,D,01,D,1,D,,A,,A,1200,D,1200,D,1200,D,1,D,2,D
20241,05590051,35,0,1,01,D,100,D,.0609,D,64803,D,15,D,550,D,,C,,C,,C,,C,0,D,243,D,245,D,246,D,307,D,305,D,304,D,,A,04,D,2022,D,1,D,,A,60404,D,60161,D,59916,D,01,D,,A,,A,,A,,A,,A,,A,,C,,A
20241,05591521,16,0,1,01,D,100,D,.0756,D,50000,D,15,D,700,D,,B,,B,,B,,B,235,D,160,D,161,D,162,D,305,D,304,D,303,D,,A,01,D,2023,D,1,D,,A,48457,D,48297,D,48136,D,01,D,,A,,A,,A,,A,,A,,A,1,D,2,D
20241,05593081,14,0,1,01,D,100,D,.0600,D,60000,D,15,D,600,D,,B,,B,,B,,B,94,D,222,D,223,D,224,D,284,D,283,D,282,D,,A,08,D,2022,D,1,D,,A,56799,D,56577,D,56354,D,01,D,,A,,A,,A,,A,,A,,A,1,D,2,D
20241,05593641,28,0,1,01,D,100,D,.0799,F,99902,F,20,F,835,F,,A,,A,,A,,A,0,F,180,F,181,F,183,F,655,F,654,F,652,F,,A,03,F,2023,F,1,F,,A,98332,F,98152,F,97971,F,01,D,,A,,A,,A,,A,,A,,A,1,D,2,D
20241,05604721,31,0,1,01,D,100,D,.0400,D,55000,D,10,D,716,D,,B,,B,,B,,B,159,D,446,D,447,D,449,D,111,D,110,D,108,D,,A,07,D,2019,D,1,D,,A,33378,D,32932,D,32485,D,01,D,,A,,A,,A,,A,,A,,A,1,D,2,D
20241,05606031,8,0,1,01,D,100,D,.0762,D,421178,T,10,D,5404,T,,C,,C,,C,,C,0,D,,A,2188,T,2264,T,,A,2858,D,2842,D,,A,01,D,2024,D,2,D,,A,,A,341686,T,339622,T,01,D,,A,,A,3,D,0,D,0,D,1966,T,,C,,A
20242,05411974,18,0,5,01,D,100,D,.0500,D,37937,D,15,D,300,D,,A,,A,,A,,A,0,D,149,D,150,D,150,D,151,D,150,D,150,D,,A,01,D,2023,D,1,D,,A,36194,D,36045,D,35895,D,01,D,,A,,A,,A,,A,,A,,A,1,D,2,D
20242,05417624,38,0,5,01,D,100,D,.0615,D,73358,D,15,D,625,D,,A,,A,,A,,A,0,D,262,D,263,D,265,D,363,D,362,D,360,D,,A,03,D,2023,D,1,D,,A,70809,D,70547,D,70284,D,01,D,,A,,A,,A,,A,,A,,A,1,D,2,D
20242,05419874,26,0,5,01,D,100,D,.0386,D,19879,D,20,D,119,D,,A,,A,,A,,A,0,D,62,D,62,D,63,D,57,D,57,D,56,D,,A,11,D,2020,D,1,D,,A,17657,D,17595,D,17533,D,01,D,,A,,A,,A,,A,,A,,A,1,D,2,D
20242,05420154,24,0,5,01,D,100,D,.0762,F,421178,V,10,F,5404,V,,A,,A,,A,,A,0,F,2150,V,2188,V,2264,V,2825,F,2809,F,2793,F,,A,01,F,2024,F,2,F,,A,325646,V,341686,V,339622,V,01,D,,A,,A,3,F,0,F,0,F,1966,V,,C,,A
20242,05421774,42,0,5,01,D,100,D,.0500,D,150000,D,10,D,1591,D,,A,,A,,A,,A,0,D,1389,D,1395,D,1401,D,211,D,205,D,199,D,,A,11,D,2016,D,2,D,,A,50339,D,48958,D,47571,D,01,D,1,D,,A,,A,1600,D,1600,D,1600,D,1,D,2,D
20242,05427364,24,0,5,01,D,100,D,.0900,D,13400,D,20,D,1340,D,,A,,A,,A,,A,1219,D,,A,,A,20,D,,A,,A,101,D,,A,04,D,2024,D,1,D,,A,,A,,A,13400,D,01,D,,A,,A,,A,,A,,A,,A,1,D,2,D
20242,05427804,28,0,5,01,D,100,D,.0450,F,39739,F,15,F,304,F,,A,,A,,A,,A,0,F,170,F,171,F,171,F,134,F,133,F,133,F,,A,02,F,2022,F,1,F,,A,35685,F,35515,F,35344,F,01,D,,A,,A,,A,,A,,A,,A,1,D,2,D
20242,05428374,23,0,5,01,D,100,D,.0472,F,6700,F,10,F,70,F,,A,,A,,A,,A,0,F,55,F,55,F,55,F,15,F,15,F,15,F,,A,06,F,2019,F,1,F,,A,3917,F,3863,F,3808,F,01,D,,A,,A,,A,,A,,A,,A,,C,,C
20242,05428654,25,0,5,01,D,100,D,.0371,D,245000,D,17,D,1628,D,,A,,A,,A,,A,7,D,942,D,944,D,947,D,679,D,677,D,674,D,,A,10,D,2021,D,1,D,,A,325646,T,341686,T,339622,T,01,D,,A,,A,,A,,A,,A,,A,1,D,2,D
20242,05428854,35,0,5,01,D,100,D,.0750,D,45000,D,10,D,534,D,,A,,A,,A,,A,0,D,,A,,A,,A,,A,,A,,A,,A,04,D,2020,D,2,D,,A,31570,D,31233,D,30894,D,01,D,1,D,,A,,A,300,D,300,D,300,D,1,D,2,D
20242,05429034,18,0,5,01,D,100,D,.1600,D,20561,D,5,D,500,D,,A,,A,,A,,A,0,D,0,D,0,D,0,D,500,D,500,D,500,D,,A,02,D,2024,D,1,D,,A,20561,D,20561,D,20561,D,01,D,,A,,A,,A,,A,,A,,A,,A,2,D
20242,05430124,31,0,5,01,D,100,D,.1000,D,88963,D,15,D,956,D,,A,,A,,A,,A,0,D,0,D,0,D,0,D,956,D,956,D,956,D,,A,11,D,2023,D,1,D,042024,D,88963,D,88963,D,88963,D,01,D,,A,,A,,A,,A,,A,,A,,A,2,D
20242,05430124,63,0,5,01,D,100,D,.1000,D,88963,D,15,D,956,D,,A,,A,,A,,A,0,D,0,D,0,D,0,D,956,D,956,D,956,D,042024,D,11,D,2023,D,1,D,,A,88963,D,88963,D,88963,D,01,D,,A,,A,,A,,A,,A,,A,,A,2,D
20242,05434744,48,0,5,01,D,100,D,.0400,D,58000,D,15,D,429,D,,A,,A,,A,,A,0,D,236,D,236,D,237,D,193,D,193,D,192,D,,A,02,D,2024,D,1,D,,A,58000,D,57764,D,57528,D,01,D,,A,2,D,,A,,A,,A,,A,1,D,2,D
20242,05435464,17,0,5,01,D,100,D,.0440,F,75500,F,14,F,603,F,,A,,A,,A,,A,0,F,540,F,542,F,544,F,63,F,61,F,59,F,,A,07,F,2012,F,1,F,,A,17047,F,16507,F,15964,F,01,D,,A,,A,,A,,A,,A,,A,1,D,2,D
20242,05436904,24,0,5,01,D,100,D,.0386,D,150000,D,10,D,1509,D,,A,,A,,A,,A,0,D,0,D,0,D,0,D,0,D,0,D,0,D,,A,12,D,2020,D,2,D,,A,107432,D,106268,D,105102,D,01,D,1,D,,A,,A,0,D,0,D,0,D,1,D,2,D
20242,05439944,25,0,5,01,D,100,D,.0699,D,66348,D,20,D,514,D,,A,,A,,A,,A,0,D,128,D,128,D,129,D,386,D,386,D,385,D,,A,03,D,2024,D,1,D,,A,66348,D,66220,D,66092,D,01,D,,A,,A,,A,,A,,A,,A,1,D,2,D
20242,05441744,34,0,5,02,D,200,D,.0625,D,56911,D,10,D,639,D,,A,,A,,A,,A,0,D,431,D,433,D,435,D,208,D,206,D,204,D,,A,07,D,2020,D,1,D,,A,40019,D,39589,D,39156,D,01,D,,A,,A,,A,,A,,A,,A,1,D,2,D
20242,05442984,33,0,5,01,D,100,D,.0644,F,43663,F,20,F,324,F,,A,,A,,A,,A,0,F,92,F,92,F,93,F,232,F,232,F,231,F,,A,11,F,2023,F,1,F,,A,43301,F,43210,F,43118,F,01,D,,A,,A,,A,,A,,A,,A,1,D,2,D
20242,05444004,22,0,5,01,D,100,D,.0371,D,14834,D,13,D,120,D,,A,,A,,A,,A,0,D,83,D,84,D,84,D,37,D,36,D,36,D,,A,01,D,2021,D,1,D,,A,11849,D,11766,D,11682,D,01,D,,A,,A,,A,,A,,A,,A,1,D,2,D
20242,05445984,28,0,5,01,D,100,D,.0475,D,14000,D,15,D,158,D,,A,,A,,A,,A,49,D,74,D,75,D,75,D,35,D,34,D,34,D,,A,04,D,2017,D,1,D,,A,8747,D,8673,D,8598,D,01,D,,A,,A,,A,,A,,A,,A,1,D,2,D
20242,05446014,16,0,5,01,D,100,D,.0529,F,90000,F,20,F,608,F,,A,,A,,A,,A,0,F,390,F,392,F,394,F,460,F,458,F,456,F,,A,10,F,2018,F,2,F,,A,74664,F,74385,F,74104,F,01,D,1,F,,A,,A,850,F,850,F,850,F,1,D,2,D
20242,05541533,24,0,5,01,D,100,D,.0440,D,75500,D,14,D,603,D,,A,,A,,A,,A,0,D,540,D,542,D,544,D,63,D,61,D,59,D,,A,07,D,2012,D,1,D,,A,17047,D,16507,D,15964,D,01,D,,A,,A,,A,,A,,A,,A,1,D,2,D
20242,05542593,18,0,5,01,D,100,D,.0440,D,7000,D,15,D,200,D,,A,,A,,A,,A,147,D,38,D,39,D,39,D,15,D,14,D,14,D,,A,04,D,2016,D,1,D,,A,3977,D,3939,D,3900,D,01,D,,A,,A,,A,,A,,A,,A,1,D,2,D
20242,05544313,20,0,5,01,D,100,D,.0650,F,130000,F,15,F,1600,F,,A,,A,,A,,A,468,F,435,F,437,F,440,F,697,F,695,F,692,F,,A,12,F,2023,F,1,F,,A,128710,F,128275,F,127838,F,01,D,,A,,A,,A,,A,,A,,A,1,D,2,D
20242,05546933,29,0,5,01,D,100,D,.0500,D,22000,D,10,D,300,D,,A,,A,,A,,A,67,D,143,D,144,D,144,D,90,D,89,D,89,D,,A,10,D,2023,D,1,D,,A,21574,D,21431,D,21287,D,01,D,,A,,A,,A,,A,,A,,A,1,D,2,D
20242,05548243,22,0,5,01,D,100,D,.0400,D,32000,D,10,D,950,D,,A,,A,,A,,A,626,D,265,D,266,D,267,D,59,D,58,D,57,D,,A,01,D,2019,D,1,D,,A,17591,D,17326,D,17059,D,01,D,,A,,A,,A,,A,,A,,A,1,D,2,D
20242,05551803,31,0,5,01,D,100,D,.0930,D,60000,D,15,D,645,D,,A,,A,,A,,A,26,D,,A,154,D,155,D,,A,465,D,464,D,,A,03,D,2024,D,1,D,,A,,A,60000,D,59846,D,01,D,,A,,A,,A,,A,,A,,A,1,D,2,D
20242,05562603,37,0,5,01,D,100,D,.0890,D,74381,D,15,D,750,D,,A,,A,,A,,A,0,D,198,D,200,D,201,D,552,D,550,D,549,D,,A,03,D,2024,D,1,D,,A,74381,D,74183,D,73983,D,01,D,,A,,A,,A,,A,,A,,A,1,D,2,D
20242,05566743,30,0,5,01,D,100,D,.0440,F,7000,F,15,F,200,F,,A,,A,,A,,A,147,F,38,F,39,F,39,F,15,F,14,F,14,F,,A,04,F,2016,F,1,F,,A,3977,F,3939,F,3900,F,01,D,,A,,A,,A,,A,,A,,A,1,D,2,D
20242,05568683,25,0,5,01,D,100,D,.0386,D,35000,D,15,D,301,D,,A,,A,,A,,A,45,D,164,D,165,D,165,D,92,D,91,D,91,D,,A,09,D,2020,D,1,D,,A,28562,D,28398,D,28233,D,01,D,,A,,A,,A,,A,,A,,A,1,D,2,D
20242,05571453,17,0,5,01,D,100,D,.0400,D,52000,D,10,D,539,D,,A,,A,,A,,A,13,D,510,D,512,D,514,D,16,D,14,D,12,D,,A,12,D,2014,D,1,D,,A,4724,D,4214,D,3702,D,01,D,,A,,A,,A,,A,,A,,A,1,D,2,D
20242,05571763,37,0,5,01,D,100,D,.0900,D,66687,D,20,D,600,D,,A,,A,,A,,A,0,D,112,D,113,D,113,D,488,D,487,D,487,D,,A,12,D,2022,D,1,D,032024,D,65108,D,64996,D,64884,D,01,D,,A,,A,,A,,A,,A,,A,1,D,2,D
20242,05575912,21,0,5,01,D,100,D,.0775,D,29216,D,15,D,275,D,,A,,A,,A,,A,0,D,89,D,89,D,90,D,186,D,186,D,185,D,,A,09,D,2023,D,1,D,,A,28867,D,28779,D,28690,D,01,D,,A,,A,,A,,A,,A,,A,1,D,2,D
20242,05575992,28,0,5,01,D,100,D,.0440,D,150000,D,15,D,1200,D,,A,,A,,A,,A,60,D,832,D,835,D,838,D,308,D,305,D,302,D,,A,03,D,2016,D,1,D,,A,83926,D,83094,D,82258,D,01,D,,A,,A,,A,,A,,A,,A,1,D,2,D
20242,05579812,22,0,5,01,D,100,D,.0386,D,74231,D,8,D,900,D,,A,,A,,A,,A,0,D,0,D,0,D,0,D,900,D,900,D,900,D,,A,03,D,2020,D,1,D,,A,74231,D,74231,D,74231,D,01,D,,A,,A,,A,,A,,A,,A,,A,2,D
20242,05581222,19,0,5,01,D,100,D,.0800,D,16484,D,10,D,200,D,,A,,A,,A,,A,0,D,93,D,94,D,94,D,107,D,106,D,106,D,,A,08,D,2023,D,1,D,,A,16027,D,15934,D,15840,D,01,D,,A,,A,,A,,A,,A,,A,1,D,2,D
20242,05582092,27,0,5,01,D,100,D,.0529,D,90000,D,20,D,608,D,,A,,A,,A,,A,0,D,390,D,392,D,394,D,460,D,458,D,456,D,,A,10,D,2018,D,2,D,,A,74664,D,74385,D,74104,D,01,D,1,D,,A,,A,850,D,850,D,850,D,1,D,2,D
20242,05590422,24,0,1,01,D,100,D,.0775,F,29216,F,15,F,275,F,,A,,A,,A,,A,0,F,89,F,89,F,90,F,186,F,186,F,185,F,,A,09,F,2023,F,1,F,,A,28867,F,28779,F,28690,F,01,D,,A,,A,,A,,A,,A,,A,1,D,2,D
20242,05592022,21,0,5,01,D,100,D,.0500,F,150000,F,10,F,1591,F,,A,,A,,A,,A,0,F,1389,F,1395,F,1401,F,211,F,205,F,199,F,,A,11,F,2016,F,2,F,,A,50339,F,48958,F,47571,F,01,D,1,F,,A,,A,1600,F,1600,F,1600,F,1,D,2,D
20242,05593642,32,0,5,01,D,100,D,.0925,D,105000,D,27,D,884,D,,A,,A,,A,,A,,B,,A,,A,,A,,A,,A,,A,,A,03,D,2023,D,1,D,052024,D,,A,,A,,A,01,D,,A,,A,,A,,A,,A,,A,1,D,2,D
20242,05593642,72,0,5,01,D,100,D,.1040,F,40803,F,5,F,875,F,,A,,A,,A,,A,0,F,549,F,554,F,559,F,326,F,321,F,316,F,,A,09,F,2023,F,1,F,,A,37606,F,37057,F,36503,F,01,D,,A,,A,,A,,A,,A,,A,1,D,2,D
20242,05597682,37,0,1,01,D,100,D,.0644,D,43663,D,20,D,324,D,,A,,A,,A,,A,0,D,92,D,92,D,93,D,232,D,232,D,231,D,,A,11,D,2023,D,1,D,,A,43301,D,43210,D,43118,D,01,D,,A,,A,,A,,A,,A,,A,1,D,2,D
20242,05600092,35,0,1,01,D,100,D,.0400,F,32000,F,10,F,950,F,,A,,A,,A,,A,626,F,265,F,266,F,267,F,59,F,58,F,57,F,,A,01,F,2019,F,1,F,,A,17591,F,17326,F,17059,F,01,D,,A,,A,,A,,A,,A,,A,1,D,2,D
20242,05606032,17,0,5,01,D,100,D,.0762,D,421178,T,10,D,5404,T,,A,,A,,A,,A,0,D,2150,T,2188,T,2264,T,2825,D,2809,D,2793,D,,A,01,D,2024,D,2,D,,A,325646,T,341686,T,339622,T,01,D,,A,,A,3,D,0,D,0,D,1966,T,,C,,A
20242,05607032,22,0,1,01,D,100,D,.0400,F,32000,F,10,F,950,F,,A,,A,,A,,A,626,F,265,F,266,F,267,F,59,F,58,F,57,F,,A,01,F,2019,F,1,F,,A,17591,F,17326,F,17059,F,01,D,,A,,A,,A,,A,,A,,A,1,D,2,D
20242,05665671,24,0,1,01,D,100,D,.0700,D,65000,D,10,D,1832,D,,A,,A,,A,,A,1077,D,,A,,A,376,D,,A,,A,379,D,,A,03,D,2024,D,1,D,,A,,A,,A,65000,D,01,D,,A,,A,,A,,A,,A,,A,,C,,C
20242,05667931,30,0,1,01,D,100,D,.0756,D,200000,D,10,D,2380,D,,A,,A,,A,,A,0,D,0,D,0,D,0,D,2380,D,2380,D,2380,D,,A,07,D,2023,D,1,D,,A,200000,D,200000,D,200000,D,01,D,,A,,A,,A,,A,,A,,A,,A,2,D
20242,05667941,19,0,1,01,D,100,D,.0386,D,37669,D,15,D,276,D,,A,,A,,A,,A,0,D,177,D,178,D,178,D,99,D,98,D,98,D,,A,08,D,2020,D,1,D,,A,30718,D,30541,D,30363,D,01,D,,A,,A,,A,,A,,A,,A,1,D,2,D
20242,05671671,18,0,1,01,D,100,D,.0386,D,25000,D,15,D,220,D,,A,,A,,A,,A,37,D,118,D,119,D,119,D,65,D,64,D,64,D,,A,06,D,2020,D,1,D,,A,20160,D,20041,D,19923,D,01,D,,A,,A,,A,,A,,A,,A,1,D,2,D
20242,05673161,19,0,1,01,D,100,D,.0420,D,68119,D,20,D,420,D,,A,,A,,A,,A,0,D,417,D,419,D,,A,3,D,1,D,,A,,A,04,D,2004,D,1,D,,A,836,D,419,D,,A,01,D,,A,,A,,A,,A,,A,,A,,C,,C
20242,05678331,32,0,1,01,D,100,D,.0609,D,50580,D,20,D,365,D,,A,,A,,A,,A,0,D,120,D,121,D,122,D,245,D,244,D,243,D,,A,06,D,2022,D,1,D,,A,48186,D,48066,D,47945,D,01,D,,A,,A,,A,,A,,A,,A,1,D,2,D
20242,05679141,38,0,1,01,D,100,D,.1040,D,40803,D,5,D,875,D,,A,,A,,A,,A,0,D,549,D,554,D,559,D,326,D,321,D,316,D,,A,09,D,2023,D,1,D,,A,37606,D,37057,D,36503,D,01,D,,A,,A,,A,,A,,A,,A,1,D,2,D
20242,05679381,29,0,1,01,D,100,D,.0900,F,13400,F,20,F,1340,F,,A,,A,,A,,A,1219,F,,A,,A,20,F,,A,,A,101,F,,A,04,F,2024,F,1,F,,A,,A,,A,13400,F,01,D,,A,,A,,A,,A,,A,,A,1,D,2,D
20242,05682031,18,0,1,01,D,100,D,.0609,D,20000,D,12,D,200,D,,A,,A,,A,,A,4,D,105,D,106,D,106,D,68,D,68,D,68,D,,A,06,D,2022,D,1,D,,A,17911,D,17806,D,17701,D,01,D,,A,,A,,A,,A,,A,,A,1,D,2,D
20242,05682651,20,0,1,01,D,100,D,.0650,D,130000,D,15,D,1600,D,,A,,A,,A,,A,468,D,435,D,437,D,440,D,697,D,695,D,692,D,,A,12,D,2023,D,1,D,,A,128710,D,128275,D,127838,D,01,D,,A,,A,,A,,A,,A,,A,1,D,2,D
20242,05683781,40,0,1,01,D,100,D,.0825,D,30000,D,10,D,368,D,,A,,A,,A,,A,0,D,,A,,A,,A,,A,,A,,A,,A,03,D,2021,D,2,D,,A,23420,D,23213,D,23005,D,01,D,1,D,,A,,A,283,D,283,D,287,D,1,D,2,D
20242,05684821,20,0,1,01,D,100,D,.0475,D,61000,D,10,D,670,D,,A,,A,,A,,A,30,D,542,D,545,D,547,D,98,D,95,D,93,D,,A,09,D,2017,D,1,D,,A,24664,D,24121,D,23577,D,01,D,,A,,A,,A,,A,,A,,A,1,D,2,D
20242,05686091,24,0,1,01,D,100,D,.0450,D,39739,D,15,D,304,D,,A,,A,,A,,A,0,D,170,D,171,D,171,D,134,D,133,D,133,D,,A,02,D,2022,D,1,D,,A,35685,D,35515,D,35344,D,01,D,,A,,A,,A,,A,,A,,A,1,D,2,D
20242,05686511,38,0,1,01,D,100,D,.0756,D,30000,D,5,D,602,D,,A,,A,,A,,A,0,D,,A,,A,,A,,A,,A,,A,,A,01,D,2023,D,2,D,,A,23975,D,23524,D,23070,D,01,D,1,D,,A,,A,1000,D,1000,D,1000,D,1,D,2,D
20242,05687591,19,0,1,01,D,100,D,.0472,D,6700,D,10,D,70,D,,A,,A,,A,,A,0,D,55,D,55,D,55,D,15,D,15,D,15,D,,A,06,D,2019,D,1,D,,A,3917,D,3863,D,3808,D,01,D,,A,,A,,A,,A,,A,,A,,C,,C
20243,05541534,30,0,5,01,D,100,D,.0440,D,75500,D,14,D,603,D,,A,,A,,A,,A,0,D,546,D,548,D,550,D,57,D,55,D,53,D,,A,07,D,2012,D,1,D,,A,15420,D,14873,D,14325,D,01,D,,A,,A,,A,,A,,A,,A,1,D,2,D
20243,05542594,17,0,5,01,D,100,D,.0440,D,7000,D,15,D,200,D,,A,,A,,A,,A,147,D,39,D,39,D,39,D,14,D,14,D,14,D,,A,04,D,2016,D,1,D,,A,3862,D,3823,D,3784,D,01,D,,A,,A,,A,,A,,A,,A,1,D,2,D
20243,05544314,17,0,5,01,D,100,D,.0600,F,116844,F,15,F,986,F,,A,,A,,A,,A,0,F,422,F,424,F,427,F,440,F,438,F,436,F,,A,08,F,2023,F,1,F,,A,112735,F,112312,F,111888,F,01,D,,A,,A,,A,,A,,A,,A,1,D,2,D
20243,05545804,50,0,5,01,D,100,D,.0690,D,50000,D,10,D,593,D,,A,,A,,A,,A,15,D,355,D,357,D,359,D,223,D,221,D,219,D,,A,05,D,2021,D,1,D,,A,38773,D,38418,D,38061,D,01,D,,A,,A,,A,,A,,A,,A,1,D,2,D
20243,05546934,29,0,5,01,D,100,D,.0500,D,22000,D,10,D,300,D,,A,,A,,A,,A,67,D,145,D,146,D,146,D,88,D,87,D,87,D,,A,10,D,2023,D,1,D,,A,21143,D,20998,D,20853,D,01,D,,A,,A,,A,,A,,A,,A,1,D,2,D
20243,05548244,20,0,5,01,D,100,D,.0400,D,32000,D,10,D,950,D,,A,,A,,A,,A,626,D,268,D,269,D,270,D,56,D,55,D,54,D,,A,01,D,2019,D,1,D,,A,16792,D,16524,D,16255,D,01,D,,A,,A,,A,,A,,A,,A,1,D,2,D
20243,05549034,47,0,1,01,D,100,D,.0800,D,200000,D,10,D,2427,D,,A,,A,,A,,A,0,D,0,D,0,D,0,D,,A,,A,,A,,A,01,D,2023,D,2,D,,A,200000,D,200000,D,200000,D,01,D,,A,2,D,,A,1313,D,1313,D,1313,D,,A,2,D
20243,05551104,23,0,5,01,D,100,D,.0756,D,29645,D,15,D,300,D,,A,,A,,A,,A,24,D,93,D,94,D,94,D,183,D,182,D,182,D,,A,10,D,2023,D,1,D,,A,29008,D,28915,D,28821,D,01,D,,A,,A,,A,,A,,A,,A,1,D,2,D
20243,05551804,30,0,5,01,D,100,D,.0930,D,60000,D,15,D,645,D,,A,,A,,A,,A,26,D,156,D,158,D,159,D,463,D,461,D,460,D,,A,03,D,2024,D,1,D,,A,59691,D,59534,D,59377,D,01,D,,A,,A,,A,,A,,A,,A,1,D,2,D
20243,05561594,43,0,5,01,D,100,D,.0747,D,43698,D,5,D,875,D,,A,,A,,A,,A,0,D,,A,,A,603,D,,A,,A,272,D,,A,07,D,2024,D,1,D,,A,,A,,A,43698,D,01,D,,A,,A,,A,,A,,A,,A,,C,,C
20243,05562604,30,0,5,01,D,100,D,.0890,D,74381,D,15,D,750,D,,A,,A,,A,,A,0,D,203,D,204,D,206,D,547,D,546,D,544,D,,A,03,D,2024,D,1,D,,A,73782,D,73579,D,73374,D,01,D,,A,,A,,A,,A,,A,,A,1,D,2,D
20243,05564204,23,0,5,01,D,100,D,.0600,D,138203,D,13,D,1278,D,,A,,A,,A,,A,0,D,0,D,0,D,0,D,1278,D,1278,D,1278,D,,A,09,D,2023,D,1,D,,A,138203,D,138203,D,138203,D,01,D,,A,,A,,A,,A,,A,,A,,A,2,D
20243,05566574,32,0,5,01,D,100,D,.0938,D,35000,D,15,D,363,D,,A,,A,,A,,A,0,D,64,D,65,D,65,D,196,D,195,D,195,D,,A,06,D,2024,D,2,D,062024,D,35000,D,34911,D,34821,D,01,D,1,D,,A,,A,285,D,260,D,0,D,1,D,2,D
20243,05566744,22,0,5,01,D,100,D,.0425,F,22000,F,15,F,213,F,,A,,A,,A,,A,47,F,116,F,117,F,117,F,50,F,49,F,49,F,,A,09,F,2017,F,1,F,,A,13987,F,13870,F,13753,F,01,D,,A,,A,,A,,A,,A,,A,1,D,2,D
20243,05568684,29,0,5,01,D,100,D,.0386,D,35000,D,15,D,301,D,,A,,A,,A,,A,45,D,168,D,168,D,169,D,88,D,88,D,87,D,,A,05,D,2020,D,1,D,,A,27402,D,27234,D,27065,D,01,D,,A,,A,,A,,A,,A,,A,1,D,2,D
20243,05569094,30,0,5,01,D,100,D,.0400,D,200000,D,10,D,2025,D,,A,,A,,A,,A,0,D,2150,T,2188,T,1418,D,616,D,611,D,607,D,,A,07,D,2023,D,1,D,,A,184807,D,183398,D,181984,D,01,D,,A,,A,,A,,A,,A,,A,1,D,2,D
20243,05571454,16,0,5,01,D,100,D,.0400,D,52000,D,10,D,539,D,,A,,A,,A,,A,13,D,521,D,522,D,524,D,5,D,4,D,2,D,,A,09,D,2014,D,1,D,,A,1637,D,1116,D,594,D,01,D,,A,,A,,A,,A,,A,,A,1,D,2,D
20243,05571764,29,0,5,01,D,100,D,.0900,D,66687,D,20,D,600,D,,A,,A,,A,,A,0,D,114,D,115,D,116,D,486,D,485,D,484,D,,A,12,D,2022,D,1,D,,A,64770,D,64656,D,64541,D,01,D,,A,,A,,A,,A,,A,,A,1,D,2,D
20243,05575913,20,0,5,01,D,100,D,.0775,D,29216,D,15,D,275,D,,A,,A,,A,,A,0,D,90,D,91,D,91,D,185,D,184,D,184,D,,A,09,D,2023,D,1,D,,A,28600,D,28510,D,28419,D,01,D,,A,,A,,A,,A,,A,,A,1,D,2,D
20243,05575993,26,0,5,01,D,100,D,.0440,D,150000,D,15,D,1200,D,,A,,A,,A,,A,60,D,841,D,845,D,848,D,299,D,295,D,292,D,,A,03,D,2016,D,1,D,,A,81420,D,80578,D,79734,D,01,D,,A,,A,,A,,A,,A,,A,1,D,2,D
20243,05579813,17,0,5,01,D,100,D,.0386,D,74231,D,8,D,900,D,,A,,A,,A,,A,0,D,0,D,0,D,0,D,900,D,900,D,900,D,,A,03,D,2020,D,1,D,,A,74231,D,74231,D,74231,D,01,D,,A,,A,,A,,A,,A,,A,,A,2,D
20243,05581223,19,0,5,01,D,100,D,.0800,D,16484,D,10,D,200,D,,A,,A,,A,,A,0,D,95,D,96,D,96,D,105,D,104,D,104,D,,A,08,D,2023,D,1,D,,A,15746,D,15651,D,15555,D,01,D,,A,,A,,A,,A,,A,,A,1,D,2,D
20243,05582093,31,0,5,01,D,100,D,.0529,D,90000,D,20,D,608,D,,A,,A,,A,,A,0,D,395,D,397,D,399,D,455,D,453,D,451,D,,A,10,D,2018,D,2,D,,A,73822,D,73539,D,73255,D,01,D,1,D,,A,,A,850,D,850,D,850,D,1,D,2,D
20243,05590053,30,0,5,01,D,100,D,.0609,D,64803,D,15,D,550,D,,A,,A,,A,,A,0,D,242,D,243,D,245,D,308,D,307,D,305,D,,A,11,D,2022,D,1,D,,A,60646,D,60404,D,60161,D,01,D,,A,,A,,A,,A,,A,,A,,C,,C
20243,05591103,15,0,1,01,D,100,D,.0475,F,61000,F,10,F,670,F,,A,,A,,A,,A,30,F,549,F,551,F,553,F,91,F,89,F,87,F,,A,09,F,2017,F,1,F,,A,23030,F,22481,F,21930,F,01,D,,A,,A,,A,,A,,A,,A,1,D,2,D
20243,05595623,27,0,1,01,D,100,D,.0550,D,250000,D,10,D,2713,D,,A,,A,,A,,A,0,D,,A,,A,,A,,A,,A,,A,,A,06,D,2022,D,2,D,,A,325646,T,341686,T,339622,T,01,D,1,D,,A,,A,40133,T,2200,T,1966,T,1,D,2,D
20243,05597683,55,0,5,01,D,100,D,.0644,D,43663,D,20,D,324,D,,A,,A,,A,,A,0,D,95,D,96,D,96,D,229,D,228,D,228,D,,A,07,D,2023,D,1,D,,A,42650,D,42555,D,42459,D,01,D,,A,,A,,A,,A,,A,,A,1,D,2,D
20243,05606033,27,0,5,01,D,100,D,.0747,D,421178,T,10,D,5404,T,,A,,A,,A,,A,0,D,2150,T,2188,T,2264,T,2721,D,2705,D,2689,D,,A,01,D,2024,D,2,D,,A,325646,T,341686,T,339622,T,01,D,,A,,A,3,D,0,D,0,D,1966,T,,C,,C
20243,05607033,18,0,5,01,D,100,D,.0400,F,32000,F,10,F,950,F,,A,,A,,A,,A,626,F,268,F,269,F,270,F,56,F,55,F,54,F,,A,01,F,2019,F,1,F,,A,16792,F,16524,F,16255,F,01,D,,A,,A,,A,,A,,A,,A,1,D,2,D
20243,05655312,7,0,1,01,D,100,D,.0550,F,250000,F,5,F,5404,V,,A,,A,,A,,A,0,F,,A,,A,,A,,A,,A,,A,,A,07,F,2024,F,2,F,,A,325646,V,341686,V,339622,V,01,D,1,F,,A,3,F,0,F,0,F,1700,F,1,D,2,D
20243,05657502,17,0,5,01,D,100,D,.0875,D,100000,D,8,D,1452,D,,A,,A,,A,,A,0,D,750,D,755,D,761,D,702,D,697,D,691,D,,A,11,D,2023,D,1,D,,A,96333,D,95583,D,94828,D,01,D,,A,,A,,A,,A,,A,,A,1,D,2,D
20243,05658642,14,0,1,01,D,100,D,.0690,F,50000,F,10,F,593,F,,A,,A,,A,,A,15,F,355,F,357,F,359,F,223,F,221,F,219,F,,A,05,F,2021,F,1,F,,A,38773,F,38418,F,38061,F,01,D,,A,,A,,A,,A,,A,,A,1,D,2,D
20243,05665672,32,0,5,01,D,100,D,.0700,D,65000,D,10,D,1832,D,,A,,A,,A,,A,1077,D,378,D,380,D,382,D,377,D,375,D,373,D,,A,03,D,2024,D,1,D,,A,64624,D,64246,D,63866,D,01,D,,A,,A,,A,,A,,A,,A,,C,,C
20243,05667942,18,0,5,01,D,100,D,.0386,D,37669,D,15,D,276,D,,A,,A,,A,,A,0,D,179,D,179,D,180,D,97,D,97,D,96,D,,A,08,D,2020,D,1,D,,A,30185,D,30006,D,29827,D,01,D,,A,,A,,A,,A,,A,,A,1,D,2,D
20243,05671672,24,0,5,01,D,100,D,.0386,D,25000,D,15,D,220,D,,A,,A,,A,,A,37,D,119,D,120,D,120,D,64,D,63,D,63,D,,A,06,D,2020,D,1,D,,A,19804,D,19685,D,19565,D,01,D,,A,,A,,A,,A,,A,,A,1,D,2,D
20243,05678332,72,0,5,01,D,100,D,.0609,D,50580,D,20,D,365,D,,A,,A,,A,,A,0,D,122,D,123,D,124,D,243,D,242,D,241,D,,A,06,D,2022,D,1,D,,A,47823,D,47701,D,47578,D,01,D,,A,,A,,A,,A,,A,,A,1,D,2,D
20243,05678752,35,0,1,01,D,100,D,.0600,D,116844,D,15,D,986,D,,A,,A,,A,,A,0,D,422,D,424,D,427,D,440,D,438,D,436,D,,A,08,D,2023,D,1,D,,A,112735,D,112312,D,111888,D,01,D,,A,,A,,A,,A,,A,,A,1,D,2,D
20243,05679142,30,0,5,01,D,100,D,.1040,D,65116,D,10,D,875,D,,A,,A,,A,,A,0,D,336,D,339,D,342,D,539,D,536,D,533,D,,A,09,D,2023,D,1,D,,A,62221,D,61885,D,61547,D,01,D,,A,,A,,A,,A,,A,,A,1,D,2,D
20243,05679382,30,0,5,01,D,100,D,.0930,F,60000,F,15,F,645,F,,A,,A,,A,,A,26,F,156,F,158,F,159,F,463,F,461,F,460,F,,A,03,F,2024,F,1,F,,A,59691,F,59534,F,59377,F,01,D,,A,,A,,A,,A,,A,,A,1,D,2,D
20243,05679452,30,0,1,01,D,100,D,.0700,D,18948,D,10,D,220,D,,A,,A,,A,,A,0,D,113,D,114,D,115,D,107,D,106,D,105,D,,A,12,D,2023,D,1,D,,A,18282,D,18168,D,18054,D,01,D,,A,,A,,A,,A,,A,,A,1,D,2,D
20243,05679842,17,0,1,01,D,100,D,.0675,D,220000,D,10,D,2526,D,,A,,A,,A,,A,0,D,,A,,A,,A,,A,,A,,A,,A,01,D,2023,D,2,D,,A,197079,D,195662,D,194236,D,01,D,1,D,,A,,A,1200,D,1200,D,1200,D,1,D,2,D
20243,05680312,30,0,5,01,D,100,D,.0850,D,28000,D,15,D,302,D,,A,,A,,A,,A,26,D,78,D,78,D,79,D,198,D,198,D,197,D,,A,06,D,2024,D,1,D,,A,28000,D,27922,D,27844,D,01,D,,A,,A,,A,,A,,A,,A,1,D,2,D
20243,05682032,27,0,5,01,D,100,D,.0609,D,20000,D,12,D,200,D,,A,,A,,A,,A,4,D,107,D,108,D,108,D,89,D,88,D,88,D,,A,05,D,2022,D,1,D,,A,17488,D,17381,D,17273,D,01,D,,A,,A,,A,,A,,A,,A,1,D,2,D
20243,05683782,38,0,5,01,D,100,D,.0825,D,30000,D,15,D,291,D,,A,,A,,A,,A,0,D,,A,,A,,A,,A,,A,,A,,A,06,D,2024,D,2,D,062024,D,30000,D,29915,D,29830,D,01,D,1,D,,A,,A,386,D,150,D,543,D,1,D,2,D
20243,05684822,38,0,5,01,D,100,D,.0475,D,61000,D,10,D,670,D,,A,,A,,A,,A,30,D,549,D,551,D,553,D,91,D,89,D,87,D,,A,09,D,2017,D,1,D,,A,23030,D,22481,D,21930,D,01,D,,A,,A,,A,,A,,A,,A,1,D,2,D
20243,05685952,21,0,1,01,D,100,D,.0690,D,87322,D,15,D,780,D,,A,,A,,A,,A,0,D,288,D,289,D,291,D,492,D,491,D,489,D,,A,12,D,2023,D,1,D,,A,85630,D,85343,D,85054,D,01,D,,A,,A,,A,,A,,A,,A,1,D,2,D
20243,05686092,33,0,5,01,D,100,D,.0450,D,39739,D,15,D,304,D,,A,,A,,A,,A,0,D,172,D,173,D,173,D,132,D,131,D,131,D,,A,02,D,2022,D,1,D,,A,35173,D,35000,D,34828,D,01,D,,A,,A,,A,,A,,A,,A,1,D,2,D
20243,05687592,35,0,5,01,D,100,D,.0472,D,6700,D,10,D,70,D,,A,,A,,A,,A,0,D,54,D,54,D,55,D,16,D,16,D,15,D,,A,11,D,2019,D,1,D,,A,4026,D,3972,D,3917,D,01,D,,A,,A,,A,,A,,A,,A,,C,,C
20243,05798381,19,0,1,01,D,100,D,.0810,D,421178,T,12,D,5404,T,,A,,A,,A,,A,0,D,,A,,A,,A,,A,,A,,A,,A,11,D,2012,D,2,D,,A,29656,D,25505,D,21325,D,01,D,1,D,,A,,A,,C,,C,,C,1,D,2,D
20243,05800751,27,0,1,01,D,100,D,.0756,D,42000,D,15,D,500,D,,A,,A,,A,,A,109,D,130,D,130,D,131,D,261,D,261,D,260,D,,A,12,D,2023,D,1,D,,A,41490,D,41360,D,41230,D,01,D,,A,,A,,A,,A,,A,,A,1,D,2,D
20243,05800891,16,0,1,01,D,100,D,.0386,D,421178,T,15,D,2857,D,,A,,A,,A,,A,0,D,2150,T,2188,T,2264,T,1005,D,999,D,993,D,,A,07,D,2020,D,1,D,,A,325646,T,341686,T,339622,T,01,D,,A,,A,,A,,A,,A,,A,1,D,2,D
20243,05801511,16,0,1,02,D,200,D,.0574,D,46000,D,15,D,382,D,,A,,A,,A,,A,0,D,359,D,361,D,363,D,23,D,21,D,19,D,,A,05,D,2010,D,1,D,,A,4735,D,4375,D,4014,D,01,D,,A,,A,,A,,A,,A,,A,1,D,2,D
20243,05801781,15,0,1,01,D,100,D,.0440,F,150000,F,15,F,1200,F,,A,,A,,A,,A,60,F,841,F,845,F,848,F,299,F,295,F,292,F,,A,03,F,2016,F,1,F,,A,81420,F,80578,F,79734,F,01,D,,A,,A,,A,,A,,A,,A,1,D,2,D
20243,05802621,17,0,1,01,D,100,D,.0425,D,22000,D,15,D,213,D,,A,,A,,A,,A,47,D,116,D,117,D,117,D,50,D,49,D,49,D,,A,09,D,2017,D,1,D,,A,13987,D,13870,D,13753,D,01,D,,A,,A,,A,,A,,A,,A,1,D,2,D
20243,05807241,42,0,1,01,D,100,D,.0609,D,77421,D,5,D,1500,D,,A,,A,,A,,A,0,D,1256,D,1263,D,1269,D,244,D,237,D,231,D,,A,04,D,2022,D,1,D,,A,47991,D,46734,D,45472,D,01,D,,A,,A,,A,,A,,A,,A,1,D,2,D
20243,05807701,24,0,1,01,D,100,D,.0747,D,37285,D,10,D,442,D,,A,,A,,A,,A,0,D,213,D,214,D,215,D,229,D,228,D,227,D,,A,03,D,2024,D,1,D,,A,36864,D,36651,D,36438,D,01,D,,A,,A,,A,,A,,A,,A,1,D,2,D
20243,05808881,28,0,1,01,D,100,D,.0386,D,120000,D,18,D,800,D,,A,,A,,A,,A,28,D,440,D,442,D,443,D,332,D,330,D,329,D,,A,12,D,2020,D,1,D,,A,103112,D,102672,D,102230,D,01,D,,A,,A,,A,,A,,A,,A,1,D,2,D
20243,05810481,14,0,1,01,D,100,D,.0609,D,100000,D,15,D,1000,D,,A,,A,,A,,A,151,D,380,D,382,D,384,D,469,D,467,D,465,D,,A,08,D,2022,D,1,D,,A,92453,D,92073,D,91691,D,01,D,,A,,A,,A,,A,,A,,A,1,D,2,D
20243,05812233,12,0,1,01,D,100,D,.0550,D,250000,D,5,D,5404,T,,A,,A,,A,,A,0,D,,A,,A,,A,,A,,A,,A,,A,07,D,2024,D,2,D,,A,325646,T,341686,T,339622,T,01,D,1,D,,A,3,D,0,D,0,D,1700,D,1,D,2,D
20243,05812591,19,0,1,01,D,100,D,.0386,D,130000,D,15,D,1300,D,,A,,A,,A,,A,348,D,627,D,629,D,631,D,325,D,323,D,321,D,,A,03,D,2020,D,1,D,,A,101092,D,100466,D,99837,D,01,D,,A,,A,,A,,A,,A,,A,1,D,2,D
20243,05813321,15,0,1,01,D,100,D,.0690,D,15000,D,15,D,350,D,,A,,A,,A,,A,216,D,59,D,59,D,59,D,75,D,75,D,75,D,,A,05,D,2021,D,1,D,,A,13096,D,13038,D,12978,D,01,D,,A,,A,,A,,A,,A,,A,1,D,2,D
20243,05824201,24,0,1,01,D,100,D,.0800,D,50000,D,15,D,478,D,,A,,A,,A,,A,0,D,,A,,A,,A,,A,,A,,A,,A,03,D,2024,D,2,D,,A,49564,D,49416,D,49268,D,01,D,1,D,,A,,A,,C,,C,,C,1,D,2,D
20243,05824501,19,0,1,01,D,100,D,.0575,D,105000,D,15,D,872,D,,A,,A,,A,,A,0,D,,A,,A,,A,,A,,A,,A,,A,06,D,2022,D,2,D,,A,95643,D,95230,D,94814,D,01,D,,C,,C,,C,795,D,795,D,795,D,1,D,2,D
20243,05827161,18,0,1,01,D,100,D,.0386,F,130000,F,15,F,1300,F,,A,,A,,A,,A,348,F,627,F,629,F,631,F,325,F,323,F,321,F,,A,03,F,2020,F,1,F,,A,101092,F,100466,F,99837,F,01,D,,A,,A,,A,,A,,A,,A,1,D,2,D
20244,05575914,24,0,5,01,D,100,D,.0775,D,29216,D,15,D,275,D,,A,,A,,A,,A,0,D,92,D,93,D,93,D,183,D,182,D,182,D,,A,09,D,2023,D,1,D,,A,28327,D,28235,D,28143,D,01,D,,A,,A,,A,,A,,A,,A,1,D,2,D
20244,05575994,33,0,5,01,D,100,D,.0440,D,150000,D,15,D,1200,D,,A,,A,,A,,A,60,D,851,D,854,D,857,D,289,D,286,D,283,D,,A,03,D,2016,D,1,D,,A,78886,D,78036,D,77182,D,01,D,,A,,A,,A,,A,,A,,A,1,D,2,D
20244,05578864,17,0,5,01,D,100,D,.0550,F,49934,F,15,F,408,F,,A,,A,,A,,A,0,F,239,F,240,F,241,F,169,F,168,F,167,F,,A,05,F,2019,F,1,F,,A,36885,F,36646,F,36406,F,01,D,,A,,A,,A,,A,,A,,A,1,D,2,D
20244,05579814,24,0,5,01,D,100,D,.0386,D,74231,D,8,D,900,D,,A,,A,,A,,A,0,D,0,D,0,D,0,D,900,D,900,D,900,D,,A,03,D,2020,D,1,D,,A,74231,D,74231,D,74231,D,01,D,,A,,A,,A,,A,,A,,A,,A,2,D
20244,05581224,20,0,5,01,D,100,D,.0800,D,16484,D,10,D,200,D,,A,,A,,A,,A,0,D,97,D,98,D,98,D,103,D,102,D,102,D,,A,08,D,2023,D,1,D,,A,15459,D,15362,D,15265,D,01,D,,A,,A,,A,,A,,A,,A,1,D,2,D
20244,05582094,28,0,5,01,D,100,D,.0529,D,90000,D,20,D,608,D,,A,,A,,A,,A,0,D,,A,,A,,A,,A,,A,,A,,A,10,D,2018,D,2,D,072024,D,72969,D,72683,D,72394,D,01,D,1,D,,A,,A,810,D,810,D,810,D,1,D,2,D
20244,05590054,33,0,5,01,D,100,D,.0609,D,64803,D,15,D,550,D,,A,,A,,A,,A,0,D,245,D,246,D,247,D,305,D,304,D,303,D,,A,12,D,2022,D,1,D,,A,60161,D,59916,D,59670,D,01,D,,A,,A,,A,,A,,A,,A,,C,,C
20244,05590424,27,0,5,01,D,100,D,.0775,F,29216,F,15,F,275,F,,A,,A,,A,,A,0,F,92,F,93,F,93,F,183,F,182,F,182,F,,A,09,F,2023,F,1,F,,A,28327,F,28235,F,28143,F,01,D,,A,,A,,A,,A,,A,,A,1,D,2,D
20244,05591104,17,0,5,01,D,100,D,.0849,F,30000,F,15,F,306,F,,A,,A,,A,,A,11,F,163,F,164,F,165,F,132,F,131,F,130,F,,A,09,F,2016,F,1,F,,A,18683,F,18520,F,18356,F,01,D,,A,,A,,A,,A,,A,,A,1,D,2,D
20244,05591184,18,0,5,01,D,100,D,.0790,D,67000,D,20,D,675,D,,A,,A,,A,,A,119,D,,A,115,D,116,D,,A,441,D,440,D,,A,09,D,2024,D,1,D,,A,,A,67000,D,66885,D,01,D,,A,,A,,A,,A,,A,,A,1,D,2,D
20244,05592784,24,0,5,01,D,100,D,.0910,D,40000,D,10,D,509,D,,A,,A,,A,,A,0,D,206,D,207,D,209,D,303,D,302,D,300,D,,A,08,D,2024,D,1,D,,A,40000,D,39794,D,39587,D,01,D,,A,,A,,A,,A,,A,,A,1,D,2,D
20244,05595624,29,0,5,01,D,100,D,.0550,D,250000,D,5,D,5404,T,,A,,A,,A,,A,0,D,,A,,A,,A,,A,,A,,A,,A,06,D,2022,D,2,D,,A,150024,D,145936,D,141830,D,01,D,1,D,,A,,A,,C,,C,,C,1,D,2,D
20244,05597684,56,0,5,01,D,100,D,.0644,D,43663,D,20,D,324,D,,A,,A,,A,,A,0,D,100,D,100,D,101,D,224,D,224,D,223,D,,A,01,D,2023,D,1,D,,A,41775,D,41675,D,41575,D,01,D,,A,,A,,A,,A,,A,,A,1,D,2,D
20244,05600094,29,0,5,01,D,100,D,.0440,F,150000,F,15,F,1200,F,,A,,A,,A,,A,60,F,851,F,854,F,857,F,289,F,286,F,283,F,,A,03,F,2016,F,1,F,,A,78886,F,78036,F,77182,F,01,D,,A,,A,,A,,A,,A,,A,1,D,2,D
20244,05606034,25,0,5,01,D,100,D,.0747,D,421178,T,5,D,5404,T,,A,,A,,A,,A,0,D,2150,T,2188,T,2264,T,2672,D,2656,D,2639,D,,A,01,D,2024,D,2,D,,A,325646,T,341686,T,339622,T,01,D,,A,,A,3,D,0,D,0,D,1966,T,,C,,C
20244,05607034,21,0,5,01,D,100,D,.0550,F,49934,F,15,F,408,F,,A,,A,,A,,A,0,F,239,F,240,F,241,F,169,F,168,F,167,F,,A,05,F,2019,F,1,F,,A,36885,F,36646,F,36406,F,01,D,,A,,A,,A,,A,,A,,A,1,D,2,D
20244,05655313,8,0,5,01,D,100,D,.0790,F,67000,F,20,F,675,F,,A,,A,,A,,A,119,F,,A,115,F,116,F,,A,441,F,440,F,,A,09,F,2024,F,1,F,,A,,A,67000,F,66885,F,01,D,,A,,A,,A,,A,,A,,A,1,D,2,D
20244,05657503,23,0,5,01,D,100,D,.0875,D,100000,D,8,D,1452,D,,A,,A,,A,,A,0,D,766,D,772,D,777,D,686,D,680,D,675,D,,A,11,D,2023,D,1,D,,A,94068,D,93301,D,92530,D,01,D,,A,,A,,A,,A,,A,,A,1,D,2,D
20244,05658643,20,0,5,01,D,100,D,.0675,F,220000,F,10,F,2526,F,,A,,A,,A,,A,0,F,685,F,689,F,693,F,515,F,511,F,507,F,,A,01,F,2023,F,2,F,,A,192803,F,191361,F,189911,F,01,D,1,F,,A,,A,1200,F,1200,F,1200,F,1,D,2,D
20244,05665673,37,0,5,01,D,100,D,.0700,D,65000,D,10,D,1832,D,,A,,A,,A,,A,1077,D,385,D,387,D,389,D,370,D,368,D,366,D,,A,03,D,2024,D,1,D,,A,63483,D,63099,D,62712,D,01,D,,A,,A,,A,,A,,A,,A,,C,,C
20244,05667943,18,0,5,01,D,100,D,.0386,D,37669,D,15,D,276,D,,A,,A,,A,,A,0,D,181,D,181,D,182,D,95,D,95,D,94,D,,A,08,D,2020,D,1,D,,A,29647,D,29466,D,29285,D,01,D,,A,,A,,A,,A,,A,,A,1,D,2,D
20244,05671673,23,0,5,01,D,100,D,.0747,D,24677,D,12,D,260,D,,A,,A,,A,,A,0,D,106,D,107,D,108,D,154,D,153,D,152,D,,A,08,D,2024,D,1,D,082024,D,24677,D,24571,D,24464,D,01,D,,A,,A,,A,,A,,A,,A,1,D,2,D
20244,05675573,28,0,5,01,D,100,D,.0750,D,129448,D,15,D,1200,D,,A,,A,,A,,A,0,D,,A,,A,391,D,,A,,A,809,D,,A,10,D,2024,D,1,D,,A,,A,,A,129448,D,01,D,,A,,A,,A,,A,,A,,A,1,D,2,D
20244,05678753,30,0,5,01,D,100,D,.0600,D,116844,D,15,D,986,D,,A,,A,,A,,A,0,D,429,D,431,D,433,D,557,D,555,D,553,D,,A,08,D,2023,D,1,D,,A,111461,D,111033,D,110602,D,01,D,,A,,A,,A,,A,,A,,A,1,D,2,D
20244,05679143,31,0,5,01,D,100,D,.1040,D,105000,D,10,D,1411,D,,A,,A,,A,,A,0,D,,A,560,D,565,D,,A,851,D,846,D,,A,09,D,2023,D,1,D,102024,D,,A,98137,D,97577,D,01,D,,A,,A,,A,850,D,850,D,850,D,1,D,,A
20244,05679143,60,0,5,01,D,100,D,.1040,D,65116,D,10,D,875,D,,A,,A,,A,,A,0,D,345,D,,A,,A,530,D,,A,,A,102024,D,09,D,2023,D,1,D,,A,61205,D,,A,,A,01,D,,A,,A,,A,850,D,850,D,850,D,1,D,2,D
20244,05679383,23,0,5,01,D,100,D,.0910,F,40000,F,10,F,509,F,,A,,A,,A,,A,0,F,206,F,207,F,209,F,303,F,302,F,300,F,,A,08,F,2024,F,1,F,,A,40000,F,39794,F,39587,F,01,D,,A,,A,,A,,A,,A,,A,1,D,2,D
20244,05679453,23,0,5,01,D,100,D,.0700,D,18948,D,10,D,220,D,,A,,A,,A,,A,0,D,115,D,116,D,117,D,105,D,104,D,103,D,,A,12,D,2023,D,1,D,,A,17939,D,17824,D,17708,D,01,D,,A,,A,,A,,A,,A,,A,1,D,2,D
20244,05679843,26,0,5,01,D,100,D,.0675,D,220000,D,10,D,2526,D,,A,,A,,A,,A,0,D,685,D,689,D,693,D,515,D,511,D,507,D,,A,01,D,2023,D,2,D,,A,192803,D,191361,D,189911,D,01,D,1,D,,A,,A,1200,D,1200,D,1200,D,1,D,2,D
20244,05680203,15,0,5,01,D,100,D,.0600,F,116844,F,15,F,986,F,,A,,A,,A,,A,0,F,429,F,431,F,433,F,557,F,555,F,553,F,,A,08,F,2023,F,1,F,,A,111461,F,111033,F,110602,F,01,D,,A,,A,,A,,A,,A,,A,1,D,2,D
20244,05680313,36,0,5,01,D,100,D,.0850,D,28000,D,15,D,302,D,,A,,A,,A,,A,26,D,79,D,80,D,80,D,197,D,196,D,196,D,,A,06,D,2024,D,1,D,,A,27765,D,27686,D,27606,D,01,D,,A,,A,,A,,A,,A,,A,1,D,2,D
20244,05682033,29,0,5,01,D,100,D,.0609,D,20000,D,12,D,200,D,,A,,A,,A,,A,4,D,105,D,106,D,106,D,91,D,90,D,90,D,,A,12,D,2022,D,1,D,,A,17911,D,17806,D,17701,D,01,D,,A,,A,,A,,A,,A,,A,1,D,2,D
20244,05683783,40,0,5,01,D,100,D,.0825,D,30000,D,15,D,291,D,,A,,A,,A,,A,0,D,,A,,A,,A,,A,,A,,A,,A,06,D,2024,D,2,D,,A,29744,D,29657,D,29570,D,01,D,1,D,,A,,A,,C,,C,,C,1,D,2,D
20244,05684823,34,0,5,01,D,100,D,.0475,D,61000,D,10,D,670,D,,A,,A,,A,,A,30,D,555,D,558,D,560,D,85,D,82,D,80,D,,A,09,D,2017,D,1,D,,A,21377,D,20822,D,20264,D,01,D,,A,,A,,A,,A,,A,,A,1,D,2,D
20244,05686093,30,0,5,01,D,100,D,.0450,D,39739,D,15,D,304,D,,A,,A,,A,,A,0,D,174,D,175,D,175,D,130,D,129,D,129,D,,A,02,D,2022,D,1,D,,A,34654,D,34480,D,34306,D,01,D,,A,,A,,A,,A,,A,,A,1,D,2,D
20244,05802622,20,0,5,01,D,100,D,.0425,D,22000,D,15,D,213,D,,A,,A,,A,,A,47,D,118,D,118,D,119,D,48,D,48,D,47,D,,A,09,D,2017,D,1,D,,A,13636,D,13518,D,13400,D,01,D,,A,,A,,A,,A,,A,,A,1,D,2,D
20244,05807242,19,0,5,01,D,100,D,.0609,D,134562,D,10,D,1500,D,,A,,A,,A,,A,0,D,942,D,946,D,951,D,558,D,554,D,549,D,,A,04,D,2022,D,1,D,,A,110045,D,109103,D,108157,D,01,D,,A,,A,,A,,A,,A,,A,1,D,2,D
20244,05807702,32,0,5,01,D,100,D,.0747,D,37285,D,10,D,442,D,,A,,A,,A,,A,0,D,217,D,,A,,A,225,D,,A,,A,092024,D,03,D,2024,D,1,D,,A,36222,D,,A,,A,01,D,,A,,A,,A,,A,,A,,A,1,D,2,D
20244,05808882,30,0,5,01,D,100,D,.0386,D,120000,D,18,D,800,D,,A,,A,,A,,A,28,D,445,D,446,D,447,D,327,D,326,D,325,D,,A,12,D,2020,D,1,D,,A,101787,D,101342,D,100896,D,01,D,,A,,A,,A,,A,,A,,A,1,D,2,D
20244,05810482,22,0,5,01,D,100,D,.0609,D,100000,D,15,D,1000,D,,A,,A,,A,,A,151,D,386,D,388,D,390,D,463,D,461,D,459,D,,A,08,D,2022,D,1,D,,A,91307,D,90922,D,90534,D,01,D,,A,,A,,A,,A,,A,,A,1,D,2,D
20244,05812592,37,0,5,01,D,100,D,.0386,D,130000,D,15,D,1300,D,,A,,A,,A,,A,348,D,633,D,635,D,637,D,319,D,317,D,315,D,,A,03,D,2020,D,1,D,,A,99206,D,98573,D,97938,D,01,D,,A,,A,,A,,A,,A,,A,1,D,2,D
20244,05813322,23,0,5,01,D,100,D,.0689,D,10000,D,15,D,379,D,,A,,A,,A,,A,290,D,,A,,A,32,D,,A,,A,57,D,,A,10,D,2024,D,1,D,,A,,A,,A,10000,D,02,D,,A,,A,,A,,A,,A,,A,1,D,2,D
20244,05813322,25,0,5,01,D,100,D,.0690,D,15000,D,15,D,350,D,,A,,A,,A,,A,216,D,57,D,,A,,A,77,D,,A,,A,092024,D,12,D,2021,D,1,D,,A,13328,D,,A,,A,01,D,,A,,A,,A,,A,,A,,A,1,D,2,D
20244,05817752,41,0,5,01,D,100,D,.0650,D,50000,D,5,D,978,D,,A,,A,,A,,A,0,D,707,D,711,D,715,D,271,D,267,D,263,D,,A,08,D,2024,D,1,D,,A,50000,D,49293,D,48582,D,01,D,,A,,A,,A,,A,,A,,A,1,D,2,D
20244,05819942,19,0,1,01,D,100,D,.0600,F,116844,F,15,F,986,F,,A,,A,,A,,A,0,F,429,F,431,F,433,F,557,F,555,F,553,F,,A,08,F,2023,F,1,F,,A,111461,F,111033,F,110602,F,01,D,,A,,A,,A,,A,,A,,A,1,D,2,D
20244,05820252,16,0,1,01,D,100,D,.0609,D,9394,D,5,D,182,D,,A,,A,,A,,A,0,D,152,D,152,D,153,D,30,D,30,D,29,D,,A,09,D,2022,D,1,D,,A,5975,D,5823,D,5671,D,01,D,,A,,A,,A,,A,,A,,A,1,D,2,D
20244,05821052,23,0,1,02,D,300,D,.0725,D,,T,15,D,178,D,,A,,A,,A,,A,0,F,,V,,V,,V,30,F,29,F,28,F,,A,06,F,2011,D,1,D,,A,5027,F,4802,F,4575,F,01,D,,A,,A,,A,,A,,A,,A,1,D,2,D
20244,05824202,22,0,5,01,D,100,D,.0800,D,50000,D,15,D,478,D,,A,,A,,A,,A,0,D,,A,,A,,A,,A,,A,,A,,A,03,D,2024,D,2,D,,A,49118,D,48968,D,48817,D,01,D,1,D,,A,,A,366,D,500,D,366,D,1,D,2,D
20244,05827062,29,0,5,01,D,100,D,.0689,F,10000,F,15,F,379,F,,A,,A,,A,,A,290,F,,A,,A,32,F,,A,,A,57,F,,A,10,F,2024,F,1,F,,A,,A,,A,10000,F,01,D,,A,,A,,A,,A,,A,,A,1,D,2,D
20244,05827162,21,0,5,01,D,100,D,.0386,F,120000,F,18,F,800,F,,A,,A,,A,,A,28,F,445,F,446,F,447,F,327,F,326,F,325,F,,A,12,F,2020,F,1,F,,A,101787,F,101342,F,100896,F,01,D,,A,,A,,A,,A,,A,,A,1,D,2,D
20244,05829182,17,0,1,01,D,100,D,.0700,D,150000,D,20,D,1163,D,,A,,A,,A,,A,0,D,,A,,A,,A,,A,,A,,A,,A,09,D,2017,D,2,D,,A,118902,D,118433,D,117960,D,01,D,1,D,,A,,A,1500,D,1800,D,1800,D,1,D,2,D
20244,05830701,31,0,1,01,D,100,D,.0650,D,160000,D,5,D,3131,D,,A,,A,,A,,A,0,D,2150,T,2188,T,2264,T,609,D,595,D,581,D,,A,12,D,2022,D,1,D,,A,109792,D,107256,D,104707,D,01,D,,A,,A,,A,,A,,A,,A,1,D,2,D
20244,05835891,18,0,1,01,D,100,D,.0600,D,28916,D,8,D,380,D,,A,,A,,A,,A,0,D,334,D,335,D,337,D,46,D,45,D,43,D,,A,09,D,2018,D,1,D,,A,9243,D,8909,D,8574,D,01,D,,A,,A,,A,,A,,A,,A,1,D,2,D
20244,05838151,22,0,1,01,D,100,D,.0550,D,49437,D,11,D,500,D,,A,,A,,A,,A,0,D,,A,,A,273,D,,A,,A,227,D,,A,09,D,2024,D,1,D,,A,,A,,A,49437,D,01,D,,A,,A,,A,,A,,A,,A,1,D,2,D
20244,05839521,26,0,1,01,D,100,D,.0386,D,421178,T,20,D,2649,D,,A,,A,,A,,A,42,D,1403,D,1407,D,1412,D,1204,D,1200,D,1195,D,,A,08,D,2020,D,1,D,,A,325646,T,341686,T,339622,T,01,D,,A,,A,,A,,A,,A,,A,1,D,2,D
20244,05840121,20,0,1,01,D,100,D,.0472,F,90000,F,15,F,699,F,,A,,A,,A,,A,0,F,438,F,440,F,442,F,261,F,259,F,257,F,,A,07,F,2019,F,1,F,,A,66268,F,65830,F,65390,F,01,D,,A,,A,,A,,A,,A,,A,1,D,2,D
20244,05840221,24,0,1,01,D,100,D,.0600,D,73943,D,16,D,600,D,,A,,A,,A,,A,0,D,233,D,234,D,235,D,367,D,366,D,365,D,,A,05,D,2024,D,1,D,,A,73481,D,73249,D,73015,D,01,D,,A,,A,,A,,A,,A,,A,,C,,C
20244,05846121,9,0,1,01,D,100,D,.0747,D,421178,T,15,D,3239,D,,A,,A,,A,,A,0,D,,A,1060,D,1067,D,,A,2179,D,2172,D,,A,09,D,2024,D,2,D,,A,,A,341686,T,339622,T,01,D,,A,,A,3,D,300,D,300,D,300,D,,C,,C
20244,05848261,47,0,1,01,D,100,D,.0609,D,24000,D,5,D,465,D,,A,,A,,A,,A,0,D,397,D,399,D,402,D,68,D,66,D,63,D,,A,03,D,2022,D,1,D,,A,13307,D,12909,D,12510,D,01,D,,A,,A,,A,,A,,A,,A,1,D,2,D
20244,05848281,17,0,1,01,D,100,D,.0472,D,90000,D,15,D,699,D,,A,,A,,A,,A,0,D,438,D,440,D,442,D,261,D,259,D,257,D,,A,07,D,2019,D,1,D,,A,66268,D,65830,D,65390,D,01,D,,A,,A,,A,,A,,A,,A,1,D,2,D
20244,05849411,34,0,1,01,D,100,D,.0490,D,54800,D,17,D,400,D,,A,,A,,A,,A,4,D,195,D,195,D,196,D,201,D,201,D,200,D,,A,02,D,2022,D,1,D,,A,49315,D,49120,D,48925,D,01,D,,A,,A,,A,,A,,A,,A,1,D,2,D
20244,05851961,28,0,1,01,D,100,D,.0550,D,49934,D,15,D,408,D,,A,,A,,A,,A,0,D,239,D,240,D,241,D,169,D,168,D,167,D,,A,05,D,2019,D,1,D,,A,36885,D,36646,D,36406,D,01,D,,A,,A,,A,,A,,A,,A,1,D,2,D
20244,05855301,22,0,1,01,D,100,D,.0609,D,90000,D,15,D,1356,D,,A,,A,,A,,A,592,D,354,D,356,D,358,D,410,D,408,D,406,D,,A,05,D,2022,D,1,D,,A,80781,D,80427,D,80071,D,01,D,,A,,A,,A,,A,,A,,A,1,D,2,D
20244,05856211,18,0,1,01,D,100,D,.0775,F,29216,F,15,F,275,F,,A,,A,,A,,A,0,F,92,F,93,F,93,F,183,F,182,F,182,F,,A,09,F,2023,F,1,F,,A,28327,F,28235,F,28143,F,01,D,,A,,A,,A,,A,,A,,A,1,D,2,D
20244,05857271,9,0,1,01,D,100,D,.0475,F,61000,F,10,F,670,F,,A,,A,,A,,A,30,F,555,F,558,F,560,F,85,F,82,F,80,F,,A,09,F,2017,F,1,F,,A,21377,F,20822,F,20264,F,01,D,,A,,A,,A,,A,,A,,A,1,D,2,D
20244,05857721,11,0,1,01,D,100,D,.0371,D,15000,D,5,D,768,D,,A,,A,,A,,A,494,D,252,D,253,D,254,D,22,D,21,D,20,D,,A,12,D,2021,D,1,D,,A,7105,D,6853,D,6600,D,01,D,,A,,A,,A,,A,,A,,A,1,D,2,D
20244,05859071,17,0,1,01,D,100,D,.0700,D,35000,D,7,D,550,D,,A,,A,,A,,A,22,D,377,D,379,D,381,D,151,D,149,D,147,D,,A,07,D,2022,D,1,D,,A,25937,D,25560,D,25181,D,01,D,,A,,A,,A,,A,,A,,A,1,D,2,D
20244,05863771,27,0,1,01,D,100,D,.0849,D,30000,D,15,D,306,D,,A,,A,,A,,A,11,D,163,D,164,D,165,D,132,D,131,D,130,D,,A,09,D,2016,D,1,D,,A,18683,D,18520,D,18356,D,01,D,,A,,A,,A,,A,,A,,A,1,D,2,D
20251,05655314,27,0,5,01,D,100,D,.0600,F,116844,F,15,F,986,F,,A,,A,,A,,A,0,F,435,F,437,F,440,F,551,F,549,F,546,F,,A,08,F,2023,F,1,F,,A,110169,F,109734,F,109296,F,01,D,,A,,A,,A,,A,,A,,A,1,D,2,D
20251,05657504,22,0,5,01,D,100,D,.0875,D,100000,D,8,D,1600,D,,A,,A,,A,,A,148,D,783,D,789,D,794,D,669,D,663,D,658,D,,A,11,D,2023,D,1,D,,A,91753,D,90970,D,90181,D,01,D,,A,,A,,A,,A,,A,,A,1,D,2,D
20251,05658644,23,0,5,01,D,100,D,.0609,F,24000,F,5,F,465,F,,A,,A,,A,,A,0,F,404,F,406,F,408,F,61,F,59,F,57,F,,A,03,F,2022,F,1,F,,A,12108,F,11705,F,11299,F,01,D,,A,,A,,A,,A,,A,,A,1,D,2,D
20251,05665674,38,0,5,01,D,100,D,.0700,D,65000,D,10,D,1832,D,,A,,A,,A,,A,1077,D,391,D,394,D,396,D,364,D,361,D,359,D,,A,03,D,2024,D,1,D,,A,62323,D,61931,D,61537,D,01,D,,A,,A,,A,,A,,A,,A,,C,,C
20251,05667944,20,0,5,01,D,100,D,.0386,D,37669,D,15,D,276,D,,A,,A,,A,,A,0,D,182,D,183,D,184,D,94,D,93,D,92,D,,A,08,D,2020,D,1,D,,A,29103,D,28921,D,28738,D,01,D,,A,,A,,A,,A,,A,,A,1,D,2,D
20251,05671674,30,0,5,01,D,100,D,.0386,D,24601,D,9,D,270,D,,A,,A,,A,,A,0,D,226,D,227,D,228,D,44,D,43,D,42,D,,A,06,D,2020,D,1,D,,A,13591,D,13365,D,13138,D,01,D,,A,,A,,A,,A,,A,,A,1,D,2,D
20251,05675574,37,0,5,01,D,100,D,.0750,D,129448,D,15,D,1200,D,,A,,A,,A,,A,0,D,393,D,396,D,398,D,807,D,804,D,802,D,,A,10,D,2024,D,1,D,,A,129057,D,128664,D,128268,D,01,D,,A,,A,,A,,A,,A,,A,1,D,2,D
20251,05678754,29,0,5,01,D,100,D,.0600,D,116844,D,15,D,986,D,,A,,A,,A,,A,0,D,435,D,437,D,440,D,551,D,549,D,546,D,,A,08,D,2023,D,1,D,,A,110169,D,109734,D,109296,D,01,D,,A,,A,,A,,A,,A,,A,1,D,2,D
20251,05679144,34,0,5,01,D,100,D,.1040,D,65116,D,10,D,875,D,,A,,A,,A,,A,0,D,354,D,357,D,360,D,521,D,518,D,515,D,,A,09,D,2023,D,1,D,,A,60162,D,59809,D,59452,D,01,D,,A,,A,,A,850,D,850,D,850,D,1,D,2,D
20251,05679384,33,0,5,01,D,100,D,.0950,F,26331,F,5,F,553,F,,A,,A,,A,,A,0,F,376,F,379,F,382,F,177,F,174,F,171,F,,A,12,F,2023,F,1,F,,A,22387,F,22012,F,21633,F,01,D,,A,,A,,A,,A,,A,,A,1,D,2,D
20251,05679454,23,0,5,01,D,100,D,.0700,D,18948,D,10,D,220,D,,A,,A,,A,,A,0,D,117,D,118,D,119,D,103,D,102,D,101,D,,A,12,D,2023,D,1,D,,A,17591,D,17474,D,17356,D,01,D,,A,,A,,A,,A,,A,,A,1,D,2,D
20251,05679844,29,0,5,01,D,100,D,.0675,D,220000,D,10,D,2526,D,,A,,A,,A,,A,0,D,696,D,700,D,704,D,504,D,500,D,496,D,,A,01,D,2023,D,2,D,,A,188453,D,186987,D,185513,D,01,D,1,D,,A,,A,1200,D,1200,D,1200,D,1,D,2,D
20251,05680204,16,0,5,01,D,100,D,.0520,F,60000,F,15,F,494,F,,A,,A,,A,,A,13,F,221,F,222,F,223,F,260,F,259,F,258,F,,A,10,F,2024,F,1,F,,A,60000,F,59779,F,59557,F,01,D,,A,,A,,A,,A,,A,,A,1,D,2,D
20251,05680314,29,0,5,01,D,100,D,.0850,D,28000,D,15,D,302,D,,A,,A,,A,,A,26,D,81,D,82,D,82,D,195,D,194,D,194,D,,A,06,D,2024,D,1,D,,A,27526,D,27445,D,27363,D,01,D,,A,,A,,A,,A,,A,,A,1,D,2,D
20251,05682034,21,0,5,01,D,100,D,.0609,D,20000,D,12,D,200,D,,A,,A,,A,,A,4,D,112,D,113,D,113,D,63,D,62,D,62,D,,A,02,D,2022,D,1,D,,A,16503,D,16391,D,16278,D,01,D,,A,,A,,A,,A,,A,,A,1,D,2,D
20251,05683784,45,0,5,01,D,100,D,.0825,D,30000,D,15,D,291,D,,A,,A,,A,,A,0,D,,A,,A,,A,,A,,A,,A,,A,06,D,2024,D,2,D,122024,D,29482,D,29394,D,29305,D,01,D,1,D,,A,,A,273,D,285,D,283,D,1,D,2,D
20251,05686094,43,0,5,01,D,100,D,.0450,D,39739,D,15,D,304,D,,A,,A,,A,,A,0,D,176,D,177,D,177,D,128,D,127,D,127,D,,A,02,D,2022,D,1,D,,A,34130,D,33954,D,33778,D,01,D,,A,,A,,A,,A,,A,,A,1,D,2,D
20251,05686514,67,0,5,01,D,100,D,.0756,D,30000,D,5,D,602,D,,A,,A,,A,,A,0,D,793,D,798,D,803,D,207,D,202,D,197,D,,A,01,D,2023,D,2,D,,A,19813,D,19336,D,18856,D,01,D,1,D,,A,,A,1000,D,1000,D,1000,D,1,D,2,D
20251,05797263,25,0,1,01,D,100,D,.0371,D,151674,D,15,D,1100,D,,A,,A,,A,,A,0,D,707,D,710,D,712,D,393,D,390,D,388,D,,A,09,D,2021,D,1,D,,A,126977,D,126269,D,125560,D,01,D,,A,,A,,A,,A,,A,,A,1,D,2,D
20251,05799093,32,0,1,01,D,100,D,.0890,D,89555,D,20,D,800,D,,A,,A,,A,,A,0,D,155,D,156,D,157,D,645,D,644,D,643,D,,A,04,D,2023,D,1,D,,A,86950,D,86795,D,86639,D,01,D,,A,,A,,A,,A,,A,,A,1,D,2,D
20251,05800753,32,0,5,01,D,100,D,.0756,D,42000,D,15,D,500,D,,A,,A,,A,,A,109,D,135,D,135,D,136,D,256,D,256,D,255,D,,A,12,D,2023,D,1,D,,A,40700,D,40565,D,40430,D,01,D,,A,,A,,A,,A,,A,,A,1,D,2,D
20251,05801513,29,0,5,02,D,200,D,.0800,F,26000,F,10,F,5404,V,,A,,A,,A,,A,3496,F,148,F,149,F,150,F,167,F,166,F,165,F,,A,03,F,2024,F,1,F,,A,24988,F,24840,F,24690,F,01,D,,A,,A,,A,,A,,A,,A,1,D,2,D
20251,05802623,20,0,5,01,D,100,D,.0425,D,22000,D,15,D,213,D,,A,,A,,A,,A,47,D,119,D,119,D,120,D,47,D,47,D,46,D,,A,09,D,2017,D,1,D,,A,13282,D,13163,D,13043,D,01,D,,A,,A,,A,,A,,A,,A,1,D,2,D
20251,05808883,28,0,5,01,D,100,D,.0386,D,120000,D,18,D,800,D,,A,,A,,A,,A,28,D,449,D,450,D,452,D,323,D,322,D,320,D,,A,12,D,2020,D,1,D,,A,100449,D,100000,D,99549,D,01,D,,A,,A,,A,,A,,A,,A,1,D,2,D
20251,05810483,26,0,5,01,D,100,D,.0609,D,100000,D,15,D,1300,D,,A,,A,,A,,A,451,D,392,D,394,D,395,D,457,D,455,D,454,D,,A,08,D,2022,D,1,D,,A,90145,D,89753,D,89360,D,01,D,,A,,A,,A,,A,,A,,A,1,D,2,D
20251,05812593,27,0,5,01,D,100,D,.0386,D,130000,D,15,D,1300,D,,A,,A,,A,,A,348,D,639,D,641,D,643,D,313,D,311,D,309,D,,A,03,D,2020,D,1,D,,A,97301,D,96662,D,96021,D,01,D,,A,,A,,A,,A,,A,,A,1,D,2,D
20251,05813323,19,0,5,01,D,100,D,.0689,D,10000,D,15,D,379,D,,A,,A,,A,,A,290,D,32,D,,A,,A,57,D,,A,,A,122024,D,10,D,2024,D,1,D,,A,9968,D,,A,,A,02,D,,A,,A,,A,,A,,A,,A,1,D,2,D
20251,05817753,39,0,5,01,D,100,D,.0650,D,50000,D,10,D,568,D,,A,,A,,A,,A,0,D,302,D,304,D,305,D,266,D,264,D,263,D,,A,08,D,2024,D,1,D,,A,49104,D,48802,D,48498,D,01,D,,A,,A,,A,,A,,A,,A,1,D,2,D
20251,05819943,17,0,5,01,D,100,D,.0550,F,49437,F,11,F,500,F,,A,,A,,A,,A,0,F,275,F,276,F,277,F,225,F,224,F,223,F,,A,09,F,2024,F,1,F,,A,49164,F,48889,F,48613,F,01,D,,A,,A,,A,,A,,A,,A,1,D,2,D
20251,05821053,22,0,5,01,D,100,D,.0700,D,60000,D,10,D,1900,D,,A,,A,,A,,A,1203,D,628,D,632,D,635,D,69,D,65,D,62,D,,A,06,D,2016,D,1,D,,A,11823,D,11195,D,10563,D,01,D,,A,,A,,A,,A,,A,,A,1,D,2,D
20251,05821053,25,0,5,02,D,300,D,.0725,D,,T,15,D,178,D,,A,,A,,A,,A,0,F,,V,,V,,V,30,F,29,F,28,F,,A,06,F,2011,D,1,D,,A,5027,F,4802,F,4575,F,01,D,,A,,A,,A,,A,,A,,A,1,D,2,D
20251,05824203,32,0,5,01,D,100,D,.0650,D,13444,D,6,D,226,D,,A,,A,,A,,A,0,D,153,D,154,D,155,D,73,D,72,D,71,D,,A,12,D,2024,D,1,D,122024,D,13444,D,13291,D,13137,D,01,D,,A,,A,,A,,A,,A,,A,1,D,2,D
20251,05827163,19,0,5,01,D,100,D,.0371,F,15000,F,10,F,220,F,,A,,A,,A,,A,70,F,117,F,117,F,118,F,33,F,33,F,32,F,,A,09,F,2021,F,1,F,,A,10712,F,10595,F,10478,F,01,D,,A,,A,,A,,A,,A,,A,1,D,2,D
20251,05829183,21,0,5,01,D,100,D,.0740,D,100000,D,20,D,799,D,,A,,A,,A,,A,0,D,,A,,A,,A,,A,,A,,A,,A,01,D,2025,D,2,D,012025,D,100182,D,100000,D,99817,D,01,D,1,D,,A,,A,40133,T,2200,T,1800,D,1,D,2,D
20251,05830702,26,0,5,01,D,100,D,.0650,D,51518,D,5,D,1008,D,,A,,A,,A,,A,0,D,0,D,0,D,0,D,1008,D,1008,D,1008,D,,A,12,D,2022,D,1,D,,A,51518,D,51518,D,51518,D,01,D,,A,,A,,A,,A,,A,,A,,A,2,D
20251,05832672,27,0,5,01,D,100,D,.0800,D,50000,D,15,D,479,D,,A,,A,,A,,A,1,D,158,D,159,D,160,D,320,D,319,D,318,D,,A,09,D,2023,D,1,D,,A,48042,D,47885,D,47726,D,01,D,,A,,A,,A,,A,,A,,A,1,D,2,D
20251,05834032,28,0,5,01,D,100,D,.0521,F,24945,F,15,F,200,F,,A,,A,,A,,A,0,F,185,F,186,F,187,F,15,F,14,F,13,F,,A,04,F,2011,F,1,F,,A,3456,F,3271,F,3086,F,01,D,,A,,A,,A,,A,,A,,A,1,D,2,D
20251,05835892,19,0,5,01,D,100,D,.0600,D,28916,D,8,D,380,D,,A,,A,,A,,A,0,D,339,D,341,D,342,D,41,D,39,D,38,D,,A,09,D,2018,D,1,D,,A,8236,D,7898,D,7557,D,01,D,,A,,A,,A,,A,,A,,A,1,D,2,D
20251,05836712,20,0,1,01,D,100,D,.0725,D,123253,D,10,D,1447,D,,A,,A,,A,,A,0,D,746,D,750,D,755,D,701,D,697,D,692,D,,A,12,D,2023,D,1,D,,A,116035,D,115290,D,114539,D,01,D,,A,,A,,A,,A,,A,,A,1,D,2,D
20251,05838152,28,0,5,01,D,100,D,.0550,D,49437,D,11,D,500,D,,A,,A,,A,,A,0,D,275,D,276,D,277,D,225,D,224,D,223,D,,A,09,D,2024,D,1,D,,A,49164,D,48889,D,48613,D,01,D,,A,,A,,A,,A,,A,,A,1,D,2,D
20251,05839522,27,0,5,01,D,100,D,.0386,D,421178,T,20,D,2649,D,,A,,A,,A,,A,42,D,2150,T,2188,T,2264,T,1191,D,1186,D,1182,D,,A,08,D,2020,D,1,D,,A,325646,T,341686,T,339622,T,01,D,,A,,A,,A,,A,,A,,A,1,D,2,D
20251,05840122,20,0,5,01,D,100,D,.0700,F,60000,F,10,F,1900,F,,A,,A,,A,,A,1203,F,628,F,632,F,635,F,69,F,65,F,62,F,,A,06,F,2016,F,1,F,,A,11823,F,11195,F,10563,F,01,D,,A,,A,,A,,A,,A,,A,1,D,2,D
20251,05840222,30,0,5,01,D,100,D,.0600,D,73943,D,16,D,600,D,,A,,A,,A,,A,0,D,236,D,237,D,238,D,364,D,363,D,362,D,,A,05,D,2024,D,1,D,,A,72780,D,72544,D,72307,D,01,D,,A,,A,,A,,A,,A,,A,,C,,C
20251,05848262,41,0,5,01,D,100,D,.0609,D,24000,D,5,D,465,D,,A,,A,,A,,A,0,D,404,D,406,D,408,D,61,D,59,D,57,D,,A,03,D,2022,D,1,D,,A,12108,D,11705,D,11299,D,01,D,,A,,A,,A,,A,,A,,A,1,D,2,D
20251,05849412,37,0,5,01,D,100,D,.0490,D,54800,D,17,D,400,D,,A,,A,,A,,A,4,D,197,D,198,D,199,D,199,D,198,D,197,D,,A,02,D,2022,D,1,D,,A,48729,D,48532,D,48334,D,01,D,,A,,A,,A,,A,,A,,A,1,D,2,D
20251,05850742,22,0,1,01,D,100,D,.0800,D,45000,D,10,D,600,D,,A,,A,,A,,A,54,D,259,D,261,D,263,D,287,D,285,D,283,D,,A,03,D,2024,D,1,D,,A,42985,D,42726,D,42465,D,01,D,,A,,A,,A,,A,,A,,A,1,D,2,D
20251,05851142,15,0,1,01,D,100,D,.0784,D,70000,D,10,D,843,D,,A,,A,,A,,A,0,D,,A,,A,,A,,A,,A,,A,,A,09,D,2023,D,2,D,,A,64360,D,63937,D,63511,D,01,D,1,D,,A,,A,442,D,529,D,537,D,1,D,2,D
20251,05851962,36,0,5,01,D,100,D,.0550,D,49934,D,15,D,408,D,,A,,A,,A,,A,0,D,242,D,243,D,,A,166,D,165,D,,A,012025,D,05,D,2019,D,1,D,,A,36165,D,35922,D,,A,01,D,,A,,A,,A,,A,,A,,A,1,D,2,D
20251,05855302,32,0,5,01,D,100,D,.0609,D,90000,D,15,D,1356,D,,A,,A,,A,,A,592,D,359,D,361,D,363,D,405,D,403,D,401,D,,A,05,D,2022,D,1,D,,A,79713,D,79354,D,78993,D,01,D,,A,,A,,A,,A,,A,,A,1,D,2,D
20251,05856212,23,0,5,01,D,100,D,.0750,F,129448,F,15,F,1200,F,,A,,A,,A,,A,0,F,393,F,396,F,398,F,807,F,804,F,802,F,,A,10,F,2024,F,1,F,,A,129057,F,128664,F,128268,F,01,D,,A,,A,,A,,A,,A,,A,1,D,2,D
20251,05857272,12,0,5,01,D,100,D,.0600,F,28916,F,8,F,380,F,,A,,A,,A,,A,0,F,339,F,341,F,342,F,41,F,39,F,38,F,,A,09,F,2018,F,1,F,,A,8236,F,7898,F,7557,F,01,D,,A,,A,,A,,A,,A,,A,1,D,2,D
20251,05857722,15,0,5,01,D,100,D,.0371,D,15000,D,5,D,850,D,,A,,A,,A,,A,576,D,261,D,262,D,262,D,13,D,12,D,12,D,,A,04,D,2021,D,1,D,,A,4289,D,4028,D,3767,D,01,D,,A,,A,,A,,A,,A,,A,1,D,2,D
20251,05858632,18,0,1,01,D,100,D,.0750,F,129448,F,15,F,1200,F,,A,,A,,A,,A,0,F,393,F,396,F,398,F,807,F,804,F,802,F,,A,10,F,2024,F,1,F,,A,129057,F,128664,F,128268,F,01,D,,A,,A,,A,,A,,A,,A,1,D,2,D
20251,05859072,24,0,5,01,D,100,D,.0700,D,35000,D,7,D,550,D,,A,,A,,A,,A,22,D,383,D,386,D,388,D,145,D,142,D,140,D,,A,07,D,2022,D,1,D,,A,24800,D,24417,D,24031,D,01,D,,A,,A,,A,,A,,A,,A,1,D,2,D
20251,05863482,37,0,5,01,D,100,D,.0899,D,50000,D,5,D,1200,D,,A,,A,,A,,A,162,D,663,D,668,D,673,D,375,D,370,D,365,D,,A,12,D,2024,D,1,D,,A,50000,D,49337,D,48668,D,01,D,,A,,A,,A,,A,,A,,A,1,D,2,D
20251,05863772,23,0,5,01,D,100,D,.0849,D,30000,D,15,D,306,D,,A,,A,,A,,A,11,D,172,D,173,D,175,D,123,D,122,D,120,D,,A,04,D,2016,D,1,D,,A,17348,D,17175,D,17002,D,01,D,,A,,A,,A,,A,,A,,A,1,D,2,D
20251,05897461,17,0,1,01,D,100,D,.0525,D,118049,D,17,D,876,D,,A,,A,,A,,A,0,D,521,D,523,D,526,D,355,D,353,D,350,D,,A,09,D,2017,D,1,D,,A,81128,D,80607,D,80083,D,01,D,,A,,A,,A,,A,,A,,A,1,D,2,D
20251,05899541,35,0,1,01,D,100,D,.0400,D,200000,D,15,D,1500,D,,A,,A,,A,,A,21,D,837,D,840,D,843,D,642,D,639,D,636,D,,A,01,D,2024,D,1,D,,A,192591,D,191754,D,190914,D,01,D,,A,,A,,A,,A,,A,,A,1,D,2,D
20251,05900981,17,0,1,01,D,100,D,.0520,D,60000,D,15,D,494,D,,A,,A,,A,,A,13,D,221,D,222,D,223,D,260,D,259,D,258,D,,A,10,D,2024,D,1,D,,A,60000,D,59779,D,59557,D,01,D,,A,,A,,A,,A,,A,,A,1,D,2,D
20251,05901911,27,0,1,01,D,100,D,.0521,D,24945,D,15,D,200,D,,A,,A,,A,,A,0,D,185,D,186,D,187,D,15,D,14,D,13,D,,A,04,D,2011,D,1,D,,A,3456,D,3271,D,3086,D,01,D,,A,,A,,A,,A,,A,,A,1,D,2,D
20251,05902511,39,0,1,01,D,100,D,.0400,D,49385,D,10,D,500,D,,A,,A,,A,,A,0,D,363,D,364,D,366,D,137,D,136,D,134,D,,A,10,D,2022,D,1,D,,A,41020,D,40656,D,40292,D,01,D,,A,,A,,A,,A,,A,,A,1,D,2,D
20251,05903471,18,0,1,01,D,100,D,.0550,F,49437,F,11,F,500,F,,A,,A,,A,,A,0,F,275,F,276,F,277,F,225,F,224,F,223,F,,A,09,F,2024,F,1,F,,A,49164,F,48889,F,48613,F,01,D,,A,,A,,A,,A,,A,,A,1,D,2,D
20251,05903801,11,0,1,01,D,100,D,.0675,D,421178,T,15,D,2655,D,,A,,A,,A,,A,0,D,,A,,A,,A,,A,,A,,A,,A,05,D,2010,D,2,D,,A,18172,D,15619,D,13053,D,01,D,1,D,,A,,A,,C,,C,,C,1,D,2,D
20251,05904631,37,0,1,01,D,100,D,.0490,F,54800,F,17,F,400,F,,A,,A,,A,,A,4,F,197,F,198,F,199,F,199,F,198,F,197,F,,A,02,F,2022,F,1,F,,A,48729,F,48532,F,48334,F,01,D,,A,,A,,A,,A,,A,,A,1,D,2,D
20251,05905461,20,0,1,01,D,100,D,.0460,D,55704,D,10,D,580,D,,A,,A,,A,,A,0,D,569,D,571,D,573,D,11,D,9,D,7,D,,A,03,D,2015,D,1,D,,A,2866,D,2297,D,1726,D,01,D,,A,,A,,A,,A,,A,,A,1,D,2,D
20251,05905751,27,0,1,01,D,100,D,.0675,D,421178,T,20,D,3000,D,,A,,A,,A,,A,0,D,2150,T,2188,T,2264,T,1176,D,1161,D,1146,D,,A,04,D,2010,D,1,D,,A,325646,T,203858,D,201203,D,01,D,,A,,A,,A,,A,,A,,A,1,D,2,D
20251,05906261,23,0,1,01,D,100,D,.0700,D,79000,D,13,D,780,D,,A,,A,,A,,A,7,D,701,D,705,D,709,D,72,D,68,D,64,D,,A,03,D,2013,D,1,D,,A,12402,D,11701,D,10997,D,01,D,,A,,A,,A,,A,,A,,A,1,D,2,D
20251,05907081,15,0,1,01,D,100,D,.0490,F,54800,F,17,F,400,F,,A,,A,,A,,A,4,F,197,F,198,F,199,F,199,F,198,F,197,F,,A,02,F,2022,F,1,F,,A,48729,F,48532,F,48334,F,01,D,,A,,A,,A,,A,,A,,A,1,D,2,D
20251,05907141,24,0,1,01,D,100,D,.0386,F,421178,V,20,F,2649,F,,A,,A,,A,,A,42,F,2150,V,2188,V,2264,V,1191,F,1186,F,1182,F,,A,08,F,2020,F,1,F,,A,325646,V,341686,V,339622,V,01,D,,A,,A,,A,,A,,A,,A,1,D,2,D
20251,05907701,44,0,1,01,D,100,D,.0890,D,50000,D,15,D,504,D,,A,,A,,A,,A,0,D,,A,,A,,A,,A,,A,,A,,A,01,D,2015,D,2,D,,A,25301,D,24984,D,24665,D,01,D,1,D,,A,,A,800,D,800,D,800,D,1,D,2,D
20251,05907721,18,0,1,02,D,200,D,.0800,D,26000,D,10,D,5404,T,,A,,A,,A,,A,3496,D,148,D,149,D,150,D,167,D,166,D,165,D,,A,03,D,2024,D,1,D,,A,24988,D,24840,D,24690,D,01,D,,A,,A,,A,,A,,A,,A,1,D,2,D
20251,05955611,19,0,1,01,D,100,D,.0520,F,60000,F,15,F,494,F,,A,,A,,A,,A,13,F,221,F,222,F,223,F,260,F,259,F,258,F,,A,10,F,2024,F,1,F,,A,60000,F,59779,F,59557,F,01,D,,A,,A,,A,,A,,A,,A,1,D,2,D
20251,05964471,16,0,1,01,D,100,D,.0475,D,10000,D,15,D,200,D,,A,,A,,A,,A,122,D,55,D,55,D,55,D,23,D,23,D,23,D,,A,04,D,2017,D,1,D,,A,5801,D,5746,D,5691,D,01,D,,A,,A,,A,,A,,A,,A,1,D,2,D
20251,05965801,18,0,1,01,D,100,D,.0950,D,26331,D,5,D,553,D,,A,,A,,A,,A,0,D,376,D,379,D,382,D,177,D,174,D,171,D,,A,12,D,2023,D,1,D,,A,22387,D,22012,D,21633,D,01,D,,A,,A,,A,,A,,A,,A,1,D,2,D
20251,05975631,44,0,1,01,D,100,D,.0775,D,75000,D,7,D,1160,D,,A,,A,,A,,A,0,D,,A,,A,,A,,A,,A,,A,,A,08,D,2019,D,2,D,,A,21692,D,20672,D,19646,D,01,D,1,D,,A,,A,908,D,946,D,963,D,1,D,2,D
20251,05981261,20,0,1,01,D,100,D,.0790,D,421178,T,5,D,5404,T,,A,,A,,A,,A,0,D,,A,,A,,A,,A,,A,,A,,A,12,D,2019,D,2,D,,A,,A,,A,,A,01,D,,A,2,D,,A,40133,T,2200,T,1966,T,,A,2,D
20251,05981271,26,0,1,01,D,100,D,.0371,D,15000,D,10,D,220,D,,A,,A,,A,,A,70,D,117,D,117,D,118,D,33,D,33,D,32,D,,A,09,D,2021,D,1,D,,A,10712,D,10595,D,10478,D,01,D,,A,,A,,A,,A,,A,,A,1,D,2,D
