QYEAR,NEWID,SEQNO,ALCNO,REC_ORIG,NUMLOC,NUMLOC_,LOCLODGX,LOCL_DGX,ALCMEALX,ALCM_ALX,ALCGROCX,ALCG_OCX,LOCADMSX,LOCA_MSX,FOODLCDL,FOOD_CDL,LODGLCDL,LODG_CDL,ENTRLCDL,ENTR_CDL,ELSELCDL,ELSE_CDL,QLCMLAX,QLCMLAX_,QLCGLAX,QLCGLAX_
20241,05286344,41,0,1,3,D,200,D,,A,,A,50,D,,A,,A,,A,,A,175,D,25,D
20241,05293844,28,0,1,1,D,100,D,,A,,A,,A,,A,,A,,A,,A,,A,,A
20241,05295564,94,0,1,1,D,75,D,30,D,,A,,A,,A,,A,,A,,A,30,D,,A
20241,05297344,43,0,1,2,D,350,D,,A,,A,,A,,A,,A,,A,,A,300,D,,A
20241,05343964,49,0,1,2,D,,A,70,D,,A,,A,,A,,A,,A,,A,100,D,,A
20241,05344444,26,0,1,1,D,60,D,,A,,A,,A,,A,,A,,A,,A,,A,,A
20241,05354794,42,0,1,1,D,158,D,,A,,A,,A,,A,,A,,A,,A,,A,,A
20241,05416113,58,0,1,1,D,110,D,4,D,,A,50,D,,A,,A,,A,,A,21,D,,A
20241,05416483,34,0,1,13,D,600,G,,A,,A,,A,2,D,1,D,2,D,2,D,,A,300,D
20241,05416693,57,0,1,1,D,100,D,,A,,A,,A,,A,,A,,A,,A,50,D,,A
20241,05424303,20,0,1,2,D,300,D,,A,,A,,A,,A,,A,,A,,A,,A,,A
20241,05424813,17,0,1,7,D,350,D,20,D,,A,,A,,A,,A,,A,,A,130,D,68,D
20241,05426253,58,0,1,2,D,111,D,,A,,A,,A,,A,,A,,A,,A,120,D,,A
20241,05426253,59,0,1,1,D,111,D,,A,,A,,A,,A,,A,,A,,A,50,D,,A
20241,05426723,24,0,1,1,D,,A,15,D,,A,,A,,A,,A,,A,,A,85,D,,A
20241,05427733,19,0,1,1,D,78,D,,A,,A,,A,,A,,A,,A,,A,,A,7,D
20241,05429033,42,0,1,1,D,100,D,,A,,A,,A,,A,,A,,A,,A,,A,,A
20241,05430183,50,0,1,2,D,600,D,80,D,,A,800,D,,A,,A,,A,,A,420,D,,A
20241,05432653,66,0,1,2,D,310,G,61,G,,A,18,G,,A,,A,,A,,A,178,G,1,G
20241,05432723,25,0,1,1,D,250,D,,A,,A,,A,,A,,A,,A,,A,100,D,,A
20241,05434103,38,0,1,2,D,200,D,,A,,A,,A,,A,,A,,A,,A,100,D,600,D
20241,05434883,13,0,1,1,D,270,D,,A,,A,,A,,A,,A,,A,,A,200,D,20,D
20241,05434993,45,0,1,1,D,220,D,,A,,A,,A,,A,,A,,A,,A,30,D,800,D
20241,05438453,29,0,1,1,D,254,D,40,D,,A,75,D,,A,,A,,A,,A,90,D,,A
20241,05439693,70,0,1,1,D,140,D,10,D,,A,75,D,,A,,A,,A,,A,70,D,,A
20241,05538002,27,0,1,1,D,131,D,,A,,A,,A,,A,,A,,A,,A,80,D,,A
20241,05538092,52,0,1,14,D,2700,D,,A,,A,,A,,A,,A,,A,,A,700,D,,A
20241,05538372,25,0,1,1,D,150,D,,A,,A,,A,,A,,A,,A,,A,59,D,,A
20241,05538912,31,0,1,1,D,123,G,6,G,,A,,A,1,D,1,D,2,D,2,D,48,G,,A
20241,05539312,19,0,1,6,D,998,G,,A,,A,502,G,2,D,1,D,1,D,2,D,200,D,30,D
20241,05539362,48,0,1,1,D,120,D,,A,,A,,A,,A,,A,,A,,A,,A,,A
20241,05540033,26,0,1,2,D,300,D,100,D,,A,,A,,A,,A,,A,,A,200,D,10,D
20241,05542952,14,0,1,1,D,107,D,,A,,A,,A,,A,,A,,A,,A,,A,,A
20241,05549882,15,0,1,5,D,,A,,A,,A,,A,1,D,1,D,2,D,1,D,,A,,A
20241,05552252,74,0,1,1,D,700,D,150,D,,A,,A,,A,,A,,A,,A,200,D,,A
20241,05554052,47,0,1,1,D,200,D,50,D,,A,,A,,A,,A,,A,,A,100,D,,A
20241,05554982,25,0,1,4,D,200,D,,A,,A,,A,,A,,A,,A,,A,100,D,,A
20241,05555062,61,0,1,1,D,100,D,,A,8,D,,A,,A,,A,,A,,A,100,D,22,D
20241,05556482,21,0,1,1,D,89,D,,A,,A,,A,,A,,A,,A,,A,,A,10,D
20241,05557392,34,0,1,1,D,189,D,,A,,A,120,D,,A,,A,,A,,A,,A,40,D
20241,05559062,38,0,1,2,D,240,D,30,D,,A,,A,,A,,A,,A,,A,70,D,,A
20241,05562422,21,0,1,1,D,50,D,,A,,A,,A,,A,,A,,A,,A,100,D,,A
20241,05564072,47,0,1,1,D,100,D,40,D,,A,,A,,A,,A,,A,,A,160,D,,A
20241,05564972,32,0,1,2,D,250,D,50,D,,A,,A,,A,,A,,A,,A,150,D,,A
20241,05565142,57,0,1,2,D,243,D,,A,,A,,A,,A,,A,,A,,A,,A,,A
20241,05566382,32,0,1,2,D,300,D,,A,,A,,A,,A,,A,,A,,A,75,D,25,D
20241,05572762,29,0,1,2,D,,A,,A,,A,,A,,A,,A,,A,,A,200,D,,A
20241,05574641,59,0,1,1,D,225,D,200,D,,A,,A,,A,,A,,A,,A,500,D,,A
20241,05577011,28,0,1,1,D,175,D,,A,,A,,A,,A,,A,,A,,A,70,D,70,D
20241,05579321,28,0,1,2,D,600,D,,A,,A,,A,,A,,A,,A,,A,,A,100,D
20241,05580411,33,0,1,2,D,500,D,100,D,,A,,A,,A,,A,,A,,A,400,D,,A
20241,05581791,38,0,1,2,D,700,D,60,D,,A,,A,,A,,A,,A,,A,240,D,,A
20241,05582314,38,0,1,1,D,122,D,,A,,A,,A,,A,,A,,A,,A,,A,,A
20241,05582491,50,0,1,1,D,250,D,50,D,,A,,A,,A,,A,,A,,A,100,D,,A
20241,05583151,18,0,1,2,D,,A,40,D,50,D,60,D,,A,,A,,A,,A,160,D,0,D
20241,05584451,26,0,1,2,D,,A,20,F,8,F,,A,,A,,A,,A,,A,130,F,22,F
20241,05588891,16,0,1,3,D,200,D,,A,,A,,A,,A,,A,,A,,A,75,D,150,D
20241,05589431,35,0,1,2,D,230,D,,A,,A,70,D,,A,,A,,A,,A,13,D,6,D
20241,05591981,14,0,1,4,D,,A,40,D,,A,,A,,A,,A,,A,,A,160,D,,A
20241,05593051,43,0,1,2,D,300,G,,A,,A,,A,2,D,1,D,2,D,2,D,500,D,,A
20241,05593641,43,0,1,1,D,450,D,200,D,,A,,A,,A,,A,,A,,A,400,D,200,D
20241,05596181,26,0,1,1,D,130,D,,A,,A,300,D,,A,,A,,A,,A,150,D,,A
20241,05596931,29,0,1,1,D,90,D,,A,,A,,A,,A,,A,,A,,A,20,D,,A
20241,05596931,30,0,1,1,D,90,D,,A,,A,,A,,A,,A,,A,,A,20,D,,A
20241,05596931,31,0,1,1,D,90,D,,A,,A,,A,,A,,A,,A,,A,20,D,,A
20241,05601861,25,0,1,2,D,260,D,,A,,A,,A,,A,,A,,A,,A,60,D,,A
20241,05602521,63,0,1,1,D,150,D,20,D,,A,,A,,A,,A,,A,,A,110,D,20,D
20241,05605951,51,0,1,1,D,271,G,36,G,,A,79,G,1,D,1,D,1,D,2,D,114,G,,A
20242,05412134,30,0,1,1,D,126,G,4,G,,A,2,G,,A,,A,,A,,A,33,G,,A
20242,05416694,64,0,1,1,D,120,D,,A,,A,,A,,A,,A,,A,,A,,A,,A
20242,05418234,33,0,1,1,D,268,G,50,D,15,D,132,G,2,D,1,D,1,D,2,D,200,D,35,D
20242,05419254,31,0,1,1,D,110,D,,A,,A,,A,,A,,A,,A,,A,,A,,A
20242,05421324,51,0,1,1,D,500,D,,A,,A,,A,,A,,A,,A,,A,150,D,,A
20242,05422944,27,0,1,1,D,29,G,3,G,,A,,A,1,D,1,D,2,D,2,D,64,G,,A
20242,05423914,46,0,1,3,D,280,F,,A,,A,,A,,A,,A,,A,,A,80,F,,A
20242,05427224,35,0,1,2,D,,A,31,G,26,G,,A,,A,,A,,A,,A,149,G,74,G
20242,05427224,36,0,1,2,D,,A,,A,,A,,A,,A,,A,,A,,A,20,D,40,D
20242,05427734,27,0,1,4,D,300,D,,A,,A,,A,,A,,A,,A,,A,,A,60,D
20242,05431214,20,0,1,24,D,232,G,30,G,12,G,84,G,,A,,A,,A,,A,413,G,29,G
20242,05432974,9,0,1,2,D,,A,,A,100,D,,A,,A,,A,,A,,A,,A,0,D
20242,05433654,28,0,1,2,D,460,D,,A,,A,,A,,A,,A,,A,,A,,A,,A
20242,05441694,38,0,1,3,D,,A,,A,,A,,A,,A,,A,,A,,A,300,D,,A
20242,05441744,48,0,1,1,D,120,D,,A,20,D,,A,,A,,A,,A,,A,100,D,30,D
20242,05442294,68,0,1,1,D,85,D,,A,,A,,A,,A,,A,,A,,A,15,D,,A
20242,05443344,44,0,1,1,D,300,D,,A,,A,,A,,A,,A,,A,,A,150,D,,A
20242,05539583,30,0,1,1,D,150,D,,A,,A,,A,,A,,A,,A,,A,,A,,A
20242,05540893,38,0,1,13,D,11800,D,1000,D,220,D,650,D,,A,,A,,A,,A,3200,D,230,D
20242,05541983,69,0,1,2,D,530,D,,A,,A,,A,,A,,A,,A,,A,,A,,A
20242,05544773,24,0,1,1,D,200,D,,A,,A,,A,,A,,A,,A,,A,,A,,A
20242,05547263,44,0,1,1,D,400,D,500,D,,A,,A,,A,,A,,A,,A,500,D,,A
20242,05547403,44,0,1,4,D,1479,G,168,G,,A,,A,1,D,1,D,2,D,1,D,553,G,,A
20242,05547703,10,0,1,2,D,172,D,20,D,,A,,A,,A,,A,,A,,A,20,D,,A
20242,05555523,23,0,1,1,D,200,D,,A,,A,,A,,A,,A,,A,,A,60,D,,A
20242,05557393,42,0,1,2,D,330,D,,A,10,D,,A,,A,,A,,A,,A,200,D,30,D
20242,05558623,24,0,1,11,D,,A,,A,,A,,A,,A,,A,,A,,A,40,D,40,D
20242,05559093,36,0,1,1,D,610,D,25,D,,A,,A,,A,,A,,A,,A,325,D,,A
20242,05561363,39,0,1,1,D,96,D,,A,,A,,A,,A,,A,,A,,A,,A,36,D
20242,05562723,17,0,1,5,D,500,D,,A,,A,,A,,A,,A,,A,,A,300,F,,A
20242,05565773,27,0,1,3,D,800,D,,A,,A,,A,,A,,A,,A,,A,,A,,A
20242,05567373,47,0,1,2,D,500,D,30,D,,A,,A,,A,,A,,A,,A,570,D,,A
20242,05572373,23,0,1,2,D,70,D,,A,,A,,A,,A,,A,,A,,A,,A,,A
20242,05576722,31,0,1,2,D,125,D,20,D,,A,,A,,A,,A,,A,,A,80,D,,A
20242,05577392,38,0,1,1,D,220,D,,A,,A,,A,,A,,A,,A,,A,,A,,A
20242,05579202,27,0,1,21,D,425,D,,A,,A,,A,,A,,A,,A,,A,700,D,,A
20242,05581782,42,0,1,1,D,200,D,,A,,A,80,D,,A,,A,,A,,A,500,D,,A
20242,05581792,40,0,1,2,D,700,D,60,D,,A,,A,,A,,A,,A,,A,240,D,,A
20242,05584862,40,0,1,1,D,400,D,,A,375,D,400,D,,A,,A,,A,,A,200,D,25,D
20242,05588572,42,0,1,1,D,200,D,,A,,A,,A,,A,,A,,A,,A,100,D,,A
20242,05589382,26,0,1,1,D,165,D,50,D,,A,,A,,A,,A,,A,,A,50,D,250,D
20242,05590262,20,0,1,2,D,300,D,15,D,,A,,A,,A,,A,,A,,A,185,D,50,D
20242,05590642,36,0,1,1,D,150,D,,A,,A,,A,,A,,A,,A,,A,111,D,,A
20242,05591052,32,0,1,1,D,,A,,A,,A,40,D,,A,,A,,A,,A,1000,D,,A
20242,05591242,19,0,1,1,D,250,D,80,D,,A,,A,,A,,A,,A,,A,120,D,,A
20242,05592002,27,0,1,1,D,150,D,,A,,A,,A,,A,,A,,A,,A,200,D,,A
20242,05593642,53,0,1,1,D,200,D,,A,50,D,,A,,A,,A,,A,,A,,A,0,D
20242,05593792,11,0,1,1,D,126,D,,A,,A,,A,,A,,A,,A,,A,,A,,A
20242,05594672,42,0,1,1,D,,A,150,D,,A,,A,,A,,A,,A,,A,0,D,,A
20242,05598532,62,0,1,2,D,,A,,A,,A,,A,,A,,A,,A,,A,75,D,,A
20242,05599942,29,0,1,2,D,693,F,150,D,,A,,A,,A,,A,,A,,A,550,D,,A
20242,05599942,30,0,1,3,D,500,D,200,D,,A,,A,,A,,A,,A,,A,600,D,,A
20242,05600452,60,0,1,1,D,166,D,,A,,A,,A,,A,,A,,A,,A,36,D,,A
20242,05601702,22,0,1,1,D,200,D,,A,,A,,A,,A,,A,,A,,A,150,D,60,D
20242,05602072,41,0,1,1,D,90,D,,A,,A,,A,,A,,A,,A,,A,40,D,,A
20242,05602092,38,0,1,2,D,200,D,,A,,A,,A,,A,,A,,A,,A,50,D,,A
20242,05603472,36,0,1,1,D,175,D,40,D,,A,,A,,A,,A,,A,,A,70,D,,A
20242,05607562,12,0,1,1,D,,A,20,D,,A,,A,,A,,A,,A,,A,83,D,,A
20242,05607882,14,0,1,4,D,688,G,173,G,,A,,A,1,D,1,D,2,D,2,D,239,G,,A
20242,05655281,31,0,1,1,D,,A,1,G,,A,21,D,,A,,A,,A,,A,29,G,1,G
20242,05656791,19,0,1,3,D,,A,,A,,A,400,D,,A,,A,,A,,A,200,D,,A
20242,05658701,39,0,1,2,D,400,D,,A,,A,,A,,A,,A,,A,,A,,A,30,D
20242,05659771,25,0,1,2,D,240,D,,A,,A,,A,,A,,A,,A,,A,,A,,A
20242,05661721,33,0,1,6,D,1000,D,50,D,,A,,A,,A,,A,,A,,A,450,D,50,D
20242,05661741,19,0,1,1,D,40,D,60,D,,A,,A,,A,,A,,A,,A,20,D,,A
20242,05666521,26,0,1,1,D,,A,,A,,A,300,D,,A,,A,,A,,A,100,D,35,D
20242,05666751,22,0,1,3,D,376,D,,A,50,D,,A,,A,,A,,A,,A,,A,200,D
20242,05667941,33,0,1,2,D,180,D,30,D,,A,,A,,A,,A,,A,,A,90,D,,A
20242,05670071,56,0,1,1,D,120,D,16,D,,A,,A,,A,,A,,A,,A,84,D,,A
20242,05670901,16,0,1,1,D,161,G,19,G,,A,51,G,1,D,1,D,1,D,2,D,69,G,,A
20242,05672251,50,0,1,2,D,380,D,18,D,,A,16,D,,A,,A,,A,,A,108,D,,A
20242,05675471,17,0,1,2,D,150,D,,A,,A,,A,,A,,A,,A,,A,80,D,,A
20242,05676621,37,0,1,3,D,400,D,100,D,,A,,A,,A,,A,,A,,A,400,D,50,D
20242,05679411,21,0,1,3,D,348,D,,A,30,D,60,D,,A,,A,,A,,A,200,D,20,D
20242,05680431,36,0,1,3,D,360,D,25,D,10,D,,A,,A,,A,,A,,A,125,D,90,D
20242,05680831,34,0,1,2,D,420,D,,A,,A,,A,,A,,A,,A,,A,,A,,A
20242,05681244,10,0,1,6,D,,A,,A,,A,,A,,A,,A,,A,,A,120,D,100,D
20242,05682361,22,0,1,1,D,150,D,,A,,A,40,D,,A,,A,,A,,A,100,D,,A
20242,05684161,37,0,1,2,D,210,D,,A,,A,,A,,A,,A,,A,,A,300,D,,A
20242,05684161,38,0,1,1,D,693,F,,A,,A,40,D,,A,,A,,A,,A,100,D,,A
20242,05684161,39,0,1,4,D,693,F,,A,,A,730,D,,A,,A,,A,,A,150,F,,A
20242,05684161,40,0,1,2,D,693,F,,A,,A,,A,,A,,A,,A,,A,150,D,,A
20242,05684161,41,0,1,5,D,2200,D,,A,,A,1600,D,,A,,A,,A,,A,20,F,,A
20242,05685094,22,0,1,3,D,450,D,,A,,A,,A,,A,,A,,A,,A,300,D,,A
20242,05686011,40,0,1,2,D,189,G,97,G,,A,,A,1,D,1,D,2,D,2,D,214,G,,A
20242,05686791,29,0,1,30,D,,A,150,D,75,D,,A,,A,,A,,A,,A,1200,D,225,D
20242,05687481,25,0,1,1,D,376,G,50,D,,A,124,G,2,D,1,D,1,D,1,D,150,D,,A
20242,05688191,36,0,1,7,D,567,G,125,G,43,G,2000,D,,A,,A,,A,,A,186,G,279,G
20243,05544064,38,0,1,2,D,266,D,,A,,A,,A,,A,,A,,A,,A,,A,,A
20243,05544574,60,0,1,2,D,180,D,,A,,A,,A,,A,,A,,A,,A,60,D,15,D
20243,05547544,32,0,1,5,D,7972,G,767,G,,A,1584,G,1,D,1,D,1,D,2,D,2677,G,,A
20243,05547614,36,0,1,4,D,400,D,75,D,8,D,,A,,A,,A,,A,,A,117,D,22,D
20243,05549184,54,0,1,1,D,230,D,,A,,A,,A,,A,,A,,A,,A,,A,,A
20243,05554814,29,0,1,2,D,500,D,,A,,A,,A,,A,,A,,A,,A,500,D,,A
20243,05555064,56,0,1,3,D,,A,,A,20,D,,A,,A,,A,,A,,A,,A,80,D
20243,05555064,57,0,1,1,D,350,D,,A,,A,,A,,A,,A,,A,,A,,A,,A
20243,05555334,25,0,1,1,D,48,D,,A,,A,,A,,A,,A,,A,,A,15,D,,A
20243,05555974,16,0,1,5,D,2000,D,,A,,A,,A,,A,,A,,A,,A,300,D,,A
20243,05557394,54,0,1,4,D,700,D,30,D,,A,,A,,A,,A,,A,,A,70,D,,A
20243,05559064,41,0,1,4,D,,A,50,D,,A,,A,,A,,A,,A,,A,40,D,,A
20243,05559094,45,0,1,1,D,610,D,,A,,A,,A,,A,,A,,A,,A,300,D,,A
20243,05562434,45,0,1,1,D,245,D,,A,,A,,A,,A,,A,,A,,A,,A,,A
20243,05562724,33,0,1,8,D,550,D,,A,,A,,A,,A,,A,,A,,A,,A,,A
20243,05564574,31,0,1,1,D,200,D,,A,,A,,A,,A,,A,,A,,A,,A,,A
20243,05565224,33,0,1,7,D,3800,D,100,D,,A,,A,,A,,A,,A,,A,900,D,1500,D
20243,05572494,14,0,1,15,D,,A,,A,,A,,A,1,D,1,D,1,D,2,D,150,D,150,D
20243,05574043,58,0,1,1,D,176,D,500,F,,A,,A,,A,,A,,A,,A,1500,F,,A
20243,05576943,19,0,1,1,D,400,G,20,D,,A,,A,,A,,A,,A,,A,30,D,,A
20243,05577393,36,0,1,24,D,,A,,A,,A,,A,,A,,A,,A,,A,,A,600,D
20243,05577823,35,0,1,3,D,400,D,,A,,A,,A,,A,,A,,A,,A,150,D,,A
20243,05577823,36,0,1,2,D,400,D,,A,,A,,A,,A,,A,,A,,A,100,D,,A
20243,05578253,25,0,1,1,D,125,D,,A,,A,,A,,A,,A,,A,,A,30,D,,A
20243,05581413,20,0,1,4,D,3345,G,501,G,,A,,A,1,D,1,D,2,D,2,D,1154,G,,A
20243,05583083,47,0,1,2,D,375,D,50,D,,A,,A,,A,,A,,A,,A,250,D,,A
20243,05583223,46,0,1,2,D,375,D,150,D,,A,,A,,A,,A,,A,,A,450,D,,A
20243,05586253,25,0,1,3,D,90,D,,A,,A,,A,,A,,A,,A,,A,75,D,,A
20243,05586593,39,0,1,1,D,400,D,2,D,,A,,A,,A,,A,,A,,A,98,D,,A
20243,05589563,56,0,1,1,D,210,D,,A,,A,,A,,A,,A,,A,,A,,A,,A
20243,05589813,17,0,1,3,D,78,D,20,D,,A,,A,,A,,A,,A,,A,3,D,15,D
20243,05591053,35,0,1,2,D,1300,D,,A,,A,,A,,A,,A,,A,,A,260,D,,A
20243,05591833,38,0,1,3,D,,A,,A,,A,,A,,A,,A,,A,,A,20,D,,A
20243,05592413,19,0,1,1,D,75,D,,A,,A,,A,,A,,A,,A,,A,,A,,A
20243,05595093,42,0,1,2,D,400,D,,A,,A,,A,,A,,A,,A,,A,150,D,,A
20243,05595913,42,0,1,14,D,300,D,,A,,A,200,D,,A,,A,,A,,A,500,D,,A
20243,05596543,45,0,1,2,D,,A,,A,,A,,A,2,D,1,D,2,D,2,D,100,D,,A
20243,05598253,32,0,1,2,D,300,D,150,D,,A,,A,,A,,A,,A,,A,450,D,,A
20243,05599363,36,0,1,1,D,165,G,59,G,,A,,A,1,D,1,D,2,D,2,D,56,G,,A
20243,05601593,25,0,1,1,D,3630,G,335,G,,A,,A,1,D,1,D,2,D,2,D,1235,G,,A
20243,05657502,26,0,1,1,D,65,D,,A,,A,,A,,A,,A,,A,,A,,A,,A
20243,05657872,43,0,1,1,D,260,D,,A,,A,,A,,A,,A,,A,,A,,A,,A
20243,05658112,33,0,1,3,D,1200,D,,A,,A,,A,,A,,A,,A,,A,300,D,,A
20243,05660362,40,0,1,7,D,325,D,,A,,A,,A,,A,,A,,A,,A,150,D,,A
20243,05661722,44,0,1,3,D,500,D,50,D,,A,,A,,A,,A,,A,,A,200,D,,A
20243,05661752,41,0,1,5,D,842,D,,A,,A,,A,,A,,A,,A,,A,200,D,,A
20243,05663112,82,0,1,2,D,400,D,,A,,A,,A,,A,,A,,A,,A,300,D,50,D
20243,05664912,27,0,1,1,D,25,D,,A,,A,,A,,A,,A,,A,,A,,A,50,D
20243,05666732,33,0,1,3,D,,A,100,F,,A,,A,,A,,A,,A,,A,1900,F,,A
20243,05666752,28,0,1,3,D,2800,D,75,D,,A,,A,,A,,A,,A,,A,275,D,150,D
20243,05666903,29,0,1,3,D,170,D,,A,,A,,A,,A,,A,,A,,A,143,D,,A
20243,05668752,25,0,1,1,D,81,D,,A,,A,,A,,A,,A,,A,,A,,A,17,D
20243,05671302,35,0,1,4,D,5000,D,500,D,,A,,A,,A,,A,,A,,A,1500,D,,A
20243,05676822,30,0,1,1,D,200,D,,A,,A,,A,,A,,A,,A,,A,100,D,,A
20243,05676942,35,0,1,1,D,500,D,40,D,,A,,A,,A,,A,,A,,A,80,D,,A
20243,05677202,36,0,1,1,D,0,D,,A,,A,,A,,A,,A,,A,,A,30,D,,A
20243,05678742,24,0,1,2,D,315,D,,A,,A,,A,,A,,A,,A,,A,50,D,,A
20243,05682942,42,0,1,1,D,53,G,5,G,,A,,A,1,D,1,D,2,D,2,D,16,G,,A
20243,05683172,76,0,1,3,D,613,D,,A,,A,401,D,,A,,A,,A,,A,279,D,,A
20243,05683202,24,0,1,1,D,,A,,A,,A,,A,,A,,A,,A,,A,,A,50,D
20243,05795881,29,0,1,2,D,400,D,,A,,A,,A,,A,,A,,A,,A,150,D,,A
20243,05796111,24,0,1,2,D,300,D,,A,,A,,A,,A,,A,,A,,A,30,D,,A
20243,05796271,19,0,1,2,D,280,D,,A,,A,,A,,A,,A,,A,,A,,A,,A
20243,05799071,36,0,1,15,D,400,D,,A,,A,,A,,A,,A,,A,,A,60,D,240,D
20243,05799761,22,0,1,1,D,100,D,,A,,A,,A,,A,,A,,A,,A,,A,,A
20243,05801281,30,0,1,1,D,250,D,,A,,A,,A,,A,,A,,A,,A,40,D,20,D
20243,05801671,36,0,1,1,D,200,D,,A,,A,,A,,A,,A,,A,,A,7,D,14,D
20243,05801741,21,0,1,3,D,700,D,,A,,A,,A,,A,,A,,A,,A,90,D,,A
20243,05802061,38,0,1,1,D,150,D,,A,,A,,A,1,D,1,D,1,D,2,D,100,D,,A
20243,05804311,24,0,1,1,D,900,D,30,D,,A,,A,,A,,A,,A,,A,120,D,,A
20243,05804621,36,0,1,18,D,2000,D,,A,,A,,A,,A,,A,,A,,A,,A,,A
20243,05805521,19,0,1,2,D,300,D,20,D,,A,,A,,A,,A,,A,,A,80,D,50,D
20243,05808762,29,0,1,2,D,250,D,100,D,,A,,A,,A,,A,,A,,A,300,D,30,D
20243,05809161,23,0,1,1,D,100,D,,A,,A,10,D,,A,,A,,A,,A,100,D,50,D
20243,05809531,22,0,1,1,D,,A,,A,,A,130,D,,A,,A,,A,,A,100,D,75,D
20243,05812481,43,0,1,1,D,12,D,,A,,A,,A,,A,,A,,A,,A,60,D,,A
20243,05812781,49,0,1,1,D,227,D,,A,,A,,A,,A,,A,,A,,A,,A,,A
20243,05813321,22,0,1,2,D,600,G,30,F,,A,,A,2,D,1,D,2,D,2,D,70,F,,A
20243,05813621,13,0,1,3,D,1200,D,,A,,A,,A,,A,,A,,A,,A,200,D,,A
20243,05814241,12,0,1,10,D,1500,D,100,D,,A,300,D,,A,,A,,A,,A,1900,D,200,D
20243,05814241,13,0,1,10,D,10000,D,,A,100,D,,A,,A,,A,,A,,A,,A,200,D
20243,05814241,14,0,1,20,D,,A,,A,,A,,A,,A,,A,,A,,A,1500,D,600,D
20243,05816661,15,0,1,3,D,,A,,A,,A,100,D,,A,,A,,A,,A,125,D,,A
20243,05816931,30,0,1,4,D,900,G,,A,,A,2000,D,2,D,1,D,2,D,2,D,343,D,,A
20243,05817691,30,0,1,2,D,89,D,,A,,A,,A,,A,,A,,A,,A,,A,,A
20243,05821301,23,0,1,2,D,450,D,,A,,A,,A,,A,,A,,A,,A,60,D,40,D
20243,05821311,18,0,1,1,D,1,D,,A,,A,,A,,A,,A,,A,,A,,A,,A
20243,05822011,21,0,1,7,D,560,D,,A,,A,,A,,A,,A,,A,,A,350,D,,A
20243,05822784,15,0,1,2,D,247,D,,A,20,F,,A,,A,,A,,A,,A,24,D,80,F
20243,05823402,15,0,1,1,D,,A,,A,,A,,A,,A,,A,,A,,A,30,D,,A
20243,05823571,48,0,1,2,D,700,D,,A,,A,,A,,A,,A,,A,,A,300,D,200,D
20243,05825021,22,0,1,1,D,120,D,7,D,,A,,A,,A,,A,,A,,A,33,D,,A
20243,05825371,34,0,1,3,D,300,D,80,D,,A,,A,,A,,A,,A,,A,0,D,,A
20243,05828671,35,0,1,5,D,600,D,,A,,A,,A,,A,,A,,A,,A,,A,,A
20244,05573834,36,0,1,2,D,334,D,,A,,A,,A,,A,,A,,A,,A,200,D,40,D
20244,05574044,52,0,1,1,D,200,D,20,D,,A,0,D,,A,,A,,A,,A,0,D,,A
20244,05575304,26,0,1,1,D,212,D,,A,,A,,A,,A,,A,,A,,A,200,D,5,D
20244,05577394,37,0,1,2,D,357,F,,A,,A,,A,,A,,A,,A,,A,100,D,,A
20244,05585944,40,0,1,1,D,150,D,,A,,A,,A,,A,,A,,A,,A,100,D,,A
20244,05587384,38,0,1,4,D,,A,,A,,A,,A,,A,,A,,A,,A,400,D,300,D
20244,05588144,41,0,1,1,D,142,G,63,G,,A,,A,1,D,1,D,2,D,2,D,145,G,,A
20244,05589154,60,0,1,2,D,254,D,,A,,A,,A,,A,,A,,A,,A,150,D,,A
20244,05589414,43,0,1,1,D,240,D,,A,,A,,A,,A,,A,,A,,A,50,D,,A
20244,05591994,18,0,1,7,D,,A,100,D,,A,,A,,A,,A,,A,,A,900,D,,A
20244,05592834,23,0,1,1,D,110,D,,A,,A,,A,,A,,A,,A,,A,50,D,,A
20244,05593074,63,0,1,1,D,250,D,,A,,A,,A,,A,,A,,A,,A,,A,,A
20244,05603934,28,0,1,1,D,250,D,,A,,A,,A,,A,,A,,A,,A,,A,,A
20244,05604034,22,0,1,3,D,550,D,,A,,A,,A,,A,,A,,A,,A,100,D,,A
20244,05656393,68,0,1,7,D,1813,D,50,D,,A,,A,,A,,A,,A,,A,804,D,200,D
20244,05657873,34,0,1,1,D,213,D,,A,,A,,A,,A,,A,,A,,A,,A,,A
20244,05659503,27,0,1,1,D,100,D,,A,,A,120,D,,A,,A,,A,,A,100,D,,A
20244,05662833,34,0,1,2,D,45,D,150,D,,A,,A,,A,,A,,A,,A,150,D,,A
20244,05662833,35,0,1,8,D,4217,G,415,G,,A,1003,G,1,D,1,D,1,D,1,D,1365,G,,A
20244,05663433,54,0,1,5,D,450,D,10,D,,A,,A,,A,,A,,A,,A,50,D,10,D
20244,05665153,31,0,1,2,D,250,D,50,D,,A,,A,,A,,A,,A,,A,150,D,,A
20244,05666073,30,0,1,2,D,556,D,,A,,A,,A,,A,,A,,A,,A,200,D,,A
20244,05668253,52,0,1,1,D,170,D,,A,,A,,A,,A,,A,,A,,A,40,D,,A
20244,05669103,43,0,1,2,D,1200,D,,A,,A,,A,,A,,A,,A,,A,300,D,,A
20244,05669533,20,0,1,2,D,130,D,50,D,,A,,A,,A,,A,,A,,A,150,D,200,D
20244,05669943,40,0,1,10,D,350,D,,A,,A,,A,,A,,A,,A,,A,150,D,50,D
20244,05672073,44,0,1,1,D,180,D,150,F,,A,,A,,A,,A,,A,,A,150,F,,A
20244,05672653,61,0,1,3,D,400,D,,A,,A,,A,,A,,A,,A,,A,50,D,50,D
20244,05676223,24,0,1,15,D,454,G,64,G,,A,123,G,1,D,1,D,1,D,2,D,509,G,,A
20244,05677133,37,0,1,1,D,130,D,,A,,A,,A,,A,,A,,A,,A,140,D,,A
20244,05680323,53,0,1,2,D,530,D,40,D,15,D,,A,,A,,A,,A,,A,110,D,20,D
20244,05682953,35,0,1,1,D,,A,,A,40,D,,A,,A,,A,,A,,A,,A,10,D
20244,05684913,14,0,1,4,D,,A,,A,,A,,A,1,D,1,D,2,D,2,D,,A,,A
20244,05685673,14,0,1,1,D,395,D,100,D,,A,50,D,,A,,A,,A,,A,60,D,50,D
20244,05687853,30,0,1,1,D,,A,13,D,13,D,,A,,A,,A,,A,,A,22,D,0,D
20244,05795502,27,0,1,7,D,600,D,,A,,A,,A,,A,,A,,A,,A,300,D,300,D
20244,05796232,17,0,1,1,D,170,D,,A,,A,,A,,A,,A,,A,,A,,A,,A
20244,05797732,33,0,1,1,D,180,D,,A,,A,,A,,A,,A,,A,,A,,A,,A
20244,05803022,56,0,1,2,D,345,D,100,D,,A,,A,,A,,A,,A,,A,300,D,,A
20244,05804692,47,0,1,1,D,230,D,,A,,A,,A,,A,,A,,A,,A,25,D,,A
20244,05804692,48,0,1,2,D,580,D,,A,,A,1000,D,,A,,A,,A,,A,150,D,,A
20244,05807702,44,0,1,1,D,128,D,,A,,A,,A,,A,,A,,A,,A,300,D,125,D
20244,05808952,25,0,1,4,D,800,D,,A,,A,,A,,A,,A,,A,,A,200,D,,A
20244,05808982,23,0,1,1,D,68,D,,A,,A,,A,,A,,A,,A,,A,,A,,A
20244,05809632,19,0,1,1,D,140,D,75,D,,A,,A,,A,,A,,A,,A,25,D,,A
20244,05812892,17,0,1,2,D,357,F,,A,,A,,A,,A,,A,,A,,A,40,D,,A
20244,05813312,24,0,1,6,D,300,D,,A,,A,,A,,A,,A,,A,,A,120,D,80,D
20244,05815532,18,0,1,3,D,802,D,60,D,,A,,A,,A,,A,,A,,A,240,D,,A
20244,05820652,57,0,1,2,D,,A,,A,,A,,A,,A,,A,,A,,A,30,D,,A
20244,05820752,31,0,1,1,D,200,D,,A,,A,,A,,A,,A,,A,,A,500,D,,A
20244,05823982,15,0,1,40,D,,A,,A,,A,,A,1,D,1,D,2,D,2,D,,A,300,D
20244,05826162,28,0,1,1,D,100,D,,A,,A,,A,,A,,A,,A,,A,20,D,,A
20244,05826582,60,0,1,1,D,170,D,,A,,A,,A,,A,,A,,A,,A,,A,,A
20244,05828422,35,0,1,1,D,150,D,,A,,A,,A,,A,,A,,A,,A,,A,,A
20244,05829442,27,0,1,2,D,600,D,,A,,A,,A,,A,,A,,A,,A,300,D,,A
20244,05830891,16,0,1,1,D,290,D,,A,,A,,A,,A,,A,,A,,A,150,D,,A
20244,05831371,19,0,1,1,D,500,D,,A,,A,,A,,A,,A,,A,,A,400,D,,A
20244,05832111,45,0,1,1,D,120,D,,A,,A,,A,,A,,A,,A,,A,40,D,,A
20244,05832751,22,0,1,1,D,175,D,,A,,A,,A,,A,,A,,A,,A,,A,,A
20244,05834291,29,0,1,2,D,600,D,,A,,A,,A,,A,,A,,A,,A,200,D,,A
20244,05835411,24,0,1,3,D,182,G,22,G,,A,,A,1,D,1,D,2,D,2,D,56,G,,A
20244,05835421,15,0,1,2,D,819,G,102,G,,A,266,G,1,D,1,D,1,D,2,D,313,G,,A
20244,05835541,25,0,1,1,D,300,D,,A,,A,,A,,A,,A,,A,,A,,A,,A
20244,05837231,24,0,1,2,D,200,D,30,D,,A,,A,,A,,A,,A,,A,270,D,100,D
20244,05837321,23,0,1,1,D,138,G,50,D,,A,62,G,2,D,1,D,1,D,2,D,150,D,,A
20244,05838501,24,0,1,2,D,,A,,A,,A,,A,,A,,A,,A,,A,110,D,,A
20244,05840961,22,0,1,1,D,457,G,64,G,,A,123,G,1,D,1,D,1,D,2,D,156,G,,A
20244,05841731,35,0,1,5,D,750,D,,A,18,D,,A,,A,,A,,A,,A,150,D,132,D
20244,05844252,20,0,1,1,D,,A,,A,,A,,A,,A,,A,,A,,A,50,D,,A
20244,05844252,21,0,1,1,D,220,D,,A,,A,,A,,A,,A,,A,,A,140,D,120,D
20244,05846143,25,0,1,1,D,200,D,,A,,A,,A,,A,,A,,A,,A,30,D,,A
20244,05846391,19,0,1,1,D,108,D,,A,,A,,A,,A,,A,,A,,A,150,D,,A
20244,05848271,24,0,1,1,D,250,D,,A,,A,,A,,A,,A,,A,,A,,A,,A
20244,05848331,21,0,1,1,D,230,D,110,D,,A,,A,,A,,A,,A,,A,10,D,,A
20244,05851281,37,0,1,1,D,195,D,50,D,,A,,A,,A,,A,,A,,A,126,D,,A
20244,05853141,23,0,1,3,D,1000,D,,A,,A,,A,,A,,A,,A,,A,,A,200,D
20244,05853201,60,0,1,1,D,55,D,60,D,,A,,A,,A,,A,,A,,A,100,D,,A
20244,05853891,37,0,1,1,D,100,D,,A,,A,,A,,A,,A,,A,,A,,A,,A
20244,05854581,34,0,1,2,D,400,D,,A,,A,,A,,A,,A,,A,,A,,A,,A
20244,05854681,12,0,1,4,D,500,D,2,D,30,D,,A,,A,,A,,A,,A,498,D,170,D
20244,05855981,26,0,1,3,D,243,G,37,G,,A,107,G,1,D,1,D,1,D,2,D,113,G,,A
20244,05856551,23,0,1,3,D,168,D,,A,,A,,A,,A,,A,,A,,A,,A,,A
20244,05859271,14,0,1,4,D,400,D,,A,,A,,A,,A,,A,,A,,A,,A,,A
20244,05861061,41,0,1,1,D,200,D,,A,,A,,A,,A,,A,,A,,A,25,D,,A
20244,05863794,53,0,1,1,D,400,D,80,D,,A,,A,,A,,A,,A,,A,200,D,,A
20251,05658954,29,0,1,1,D,165,D,,A,,A,,A,,A,,A,,A,,A,50,D,,A
20251,05660904,57,0,1,1,D,330,D,30,D,,A,,A,,A,,A,,A,,A,70,D,,A
20251,05661754,44,0,1,3,D,650,D,,A,,A,300,D,,A,,A,,A,,A,700,D,,A
20251,05667864,44,0,1,1,D,180,D,,A,,A,,A,,A,,A,,A,,A,100,D,,A
20251,05668134,29,0,1,1,D,140,D,,A,,A,,A,,A,,A,,A,,A,40,D,,A
20251,05668874,30,0,1,2,D,,A,50,D,,A,200,D,,A,,A,,A,,A,150,D,,A
20251,05668894,69,0,1,1,D,360,D,,A,,A,100,D,,A,,A,,A,,A,,A,,A
20251,05672304,27,0,1,1,D,200,D,80,D,,A,,A,,A,,A,,A,,A,70,D,,A
20251,05672654,109,0,1,2,D,250,D,,A,,A,,A,,A,,A,,A,,A,150,D,120,D
20251,05672654,110,0,1,2,D,250,D,,A,,A,,A,,A,,A,,A,,A,120,D,150,D
20251,05673434,47,0,1,1,D,171,D,,A,,A,379,D,,A,,A,,A,,A,,A,,A
20251,05682504,35,0,1,1,D,150,D,,A,,A,,A,,A,,A,,A,,A,,A,,A
20251,05796503,43,0,1,2,D,120,D,,A,,A,,A,,A,,A,,A,,A,100,D,,A
20251,05800973,56,0,1,1,D,,A,,A,,A,,A,,A,,A,,A,,A,50,D,,A
20251,05801213,14,0,1,2,D,250,D,,A,,A,60,D,,A,,A,,A,,A,60,D,150,D
20251,05805413,38,0,1,1,D,120,D,,A,,A,,A,,A,,A,,A,,A,20,D,,A
20251,05805533,48,0,1,1,D,,A,,A,,A,,A,,A,,A,,A,,A,138,D,,A
20251,05806303,29,0,1,1,D,300,D,,A,,A,,A,,A,,A,,A,,A,,A,,A
20251,05807073,13,0,1,1,D,184,D,,A,,A,,A,,A,,A,,A,,A,14,D,,A
20251,05809743,17,0,1,1,D,,A,20,D,,A,,A,,A,,A,,A,,A,180,D,,A
20251,05812413,49,0,1,1,D,45,D,,A,,A,,A,,A,,A,,A,,A,,A,,A
20251,05812483,67,0,1,2,D,259,D,,A,,A,,A,,A,,A,,A,,A,300,D,,A
20251,05815943,29,0,1,5,D,,A,200,D,,A,1400,D,,A,,A,,A,,A,1300,D,,A
20251,05822333,42,0,1,1,D,139,D,,A,,A,,A,,A,,A,,A,,A,150,D,,A
20251,05822443,22,0,1,2,D,400,D,,A,,A,,A,,A,,A,,A,,A,,A,,A
20251,05822554,17,0,1,2,D,300,D,,A,,A,,A,,A,,A,,A,,A,150,D,,A
20251,05824623,27,0,1,3,D,400,D,,A,,A,,A,,A,,A,,A,,A,200,D,,A
20251,05832542,22,0,1,1,D,200,D,50,D,,A,400,D,,A,,A,,A,,A,450,D,,A
20251,05833772,13,0,1,30,D,,A,,A,,A,,A,2,D,1,D,2,D,2,D,50,D,50,D
20251,05836222,30,0,1,1,D,150,D,20,D,,A,,A,,A,,A,,A,,A,80,D,,A
20251,05843372,36,0,1,1,D,16,D,100,F,,A,,A,,A,,A,,A,,A,400,F,,A
20251,05844492,44,0,1,2,D,450,D,,A,,A,,A,,A,,A,,A,,A,100,D,100,D
20251,05845532,48,0,1,2,D,317,D,,A,,A,,A,,A,,A,,A,,A,,A,120,D
20251,05845842,33,0,1,2,D,240,D,,A,,A,,A,,A,,A,,A,,A,,A,,A
20251,05845992,36,0,1,1,D,115,D,,A,10,D,,A,,A,,A,,A,,A,,A,50,D
20251,05847222,30,0,1,1,D,125,D,,A,,A,,A,,A,,A,,A,,A,,A,,A
20251,05851102,31,0,1,2,D,425,D,100,D,,A,,A,,A,,A,,A,,A,200,D,,A
20251,05851462,30,0,1,4,D,,A,,A,,A,,A,1,D,1,D,2,D,2,D,,A,,A
20251,05851602,36,0,1,1,D,150,D,60,D,,A,,A,,A,,A,,A,,A,40,D,100,D
20251,05858632,28,0,1,1,D,120,D,30,D,,A,,A,,A,,A,,A,,A,70,D,,A
20251,05859272,18,0,1,2,D,2100,D,,A,,A,100,D,,A,,A,,A,,A,150,D,,A
20251,05860122,25,0,1,1,D,325,G,,A,,A,,A,2,D,1,D,2,D,1,D,,A,,A
20251,05860402,23,0,1,2,D,320,D,,A,,A,,A,,A,,A,,A,,A,180,D,80,D
20251,05861682,48,0,1,1,D,400,D,,A,,A,,A,,A,,A,,A,,A,50,D,,A
20251,05864192,32,0,1,2,D,381,D,,A,,A,,A,,A,,A,,A,,A,,A,50,D
20251,05896871,25,0,1,2,D,250,D,,A,,A,,A,,A,,A,,A,,A,200,D,,A
20251,05897811,35,0,1,3,D,,A,50,F,,A,400,D,,A,,A,,A,,A,100,F,,A
20251,05897961,15,0,1,1,D,180,D,,A,,A,,A,,A,,A,,A,,A,35,D,,A
20251,05898473,34,0,1,1,D,300,D,15,D,,A,,A,,A,,A,,A,,A,185,D,,A
20251,05898821,24,0,1,10,D,,A,,A,,A,,A,1,D,1,D,1,D,2,D,,A,,A
20251,05899041,63,0,1,1,D,,A,,A,,A,,A,,A,,A,,A,,A,40,D,,A
20251,05899051,38,0,1,1,D,230,D,70,D,,A,,A,,A,,A,,A,,A,80,D,,A
20251,05899541,47,0,1,1,D,250,D,,A,,A,,A,,A,,A,,A,,A,100,D,,A
20251,05901531,13,0,1,3,D,,A,,A,,A,,A,,A,,A,,A,,A,10,D,9,D
20251,05902581,23,0,1,20,D,,A,,A,,A,,A,1,D,1,D,1,D,2,D,,A,,A
20251,05902701,30,0,1,1,D,240,D,,A,,A,,A,,A,,A,,A,,A,40,D,,A
20251,05904251,41,0,1,3,D,360,D,,A,,A,300,D,,A,,A,,A,,A,700,F,,A
20251,05905451,34,0,1,3,D,400,G,100,D,,A,,A,2,D,1,D,2,D,2,D,100,D,,A
20251,05905911,21,0,1,1,D,200,D,,A,,A,,A,,A,,A,,A,,A,,A,,A
20251,05956071,33,0,1,1,D,220,D,15,D,,A,,A,,A,,A,,A,,A,135,D,,A
20251,05957621,58,0,1,1,D,115,D,50,D,,A,,A,,A,,A,,A,,A,100,D,,A
20251,05960381,28,0,1,2,D,820,D,35,D,,A,,A,,A,,A,,A,,A,25,D,,A
20251,05962061,12,0,1,3,D,200,D,50,D,,A,100,D,,A,,A,,A,,A,150,D,30,D
20251,05963711,20,0,1,5,D,2942,G,409,G,,A,1394,G,1,D,1,D,1,D,2,D,1255,G,,A
20251,05965551,20,0,1,7,D,,A,,A,,A,,A,,A,,A,,A,,A,,A,653,D
20251,05967424,20,0,1,2,D,200,D,,A,,A,,A,,A,,A,,A,,A,200,D,,A
20251,05969031,15,0,1,7,D,1000,D,330,D,,A,,A,,A,,A,,A,,A,670,D,,A
20251,05972001,20,0,1,1,D,,A,200,D,200,D,,A,,A,,A,,A,,A,800,D,1800,D
20251,05974341,24,0,1,1,D,222,D,,A,,A,,A,,A,,A,,A,,A,50,D,30,D
20251,05974701,34,0,1,3,D,700,D,200,D,400,D,,A,,A,,A,,A,,A,300,D,0,D
20251,05976451,18,0,1,1,D,118,D,,A,,A,,A,,A,,A,,A,,A,65,D,,A
20251,05976751,22,0,1,1,D,89,D,,A,,A,,A,,A,,A,,A,,A,50,F,,A
20251,05976801,25,0,1,6,D,160,D,,A,180,D,220,D,,A,,A,,A,,A,250,D,0,D
20251,05977031,34,0,1,3,D,750,D,100,D,,A,,A,,A,,A,,A,,A,400,D,,A
